insert into compass_mt.lever_transition_probabilities values(0,100,123,-2.5902);
insert into compass_mt.lever_transition_probabilities values(0,100,122,-3.6888);
insert into compass_mt.lever_transition_probabilities values(0,97,97,-4.3820);
insert into compass_mt.lever_transition_probabilities values(0,106,100,-3.3524);
insert into compass_mt.lever_transition_probabilities values(0,106,103,-4.3820);
insert into compass_mt.lever_transition_probabilities values(0,106,102,-4.3820);
insert into compass_mt.lever_transition_probabilities values(0,112,106,-3.6888);
insert into compass_mt.lever_transition_probabilities values(0,112,102,-4.3820);
insert into compass_mt.lever_transition_probabilities values(0,112,103,-4.3820);
insert into compass_mt.lever_transition_probabilities values(0,112,100,-3.3524);
insert into compass_mt.lever_transition_probabilities values(0,122,136,-3.6888);
insert into compass_mt.lever_transition_probabilities values(0,102,136,-4.3820);
insert into compass_mt.lever_transition_probabilities values(0,136,123,-4.3820);
insert into compass_mt.lever_transition_probabilities values(0,100,112,-3.3524);
insert into compass_mt.lever_transition_probabilities values(0,100,110,-3.3524);
insert into compass_mt.lever_transition_probabilities values(0,99,122,-4.3820);
insert into compass_mt.lever_transition_probabilities values(0,99,123,-4.3820);
insert into compass_mt.lever_transition_probabilities values(0,103,102,-3.6888);
insert into compass_mt.lever_transition_probabilities values(0,103,103,-4.3820);
insert into compass_mt.lever_transition_probabilities values(0,103,100,-3.3524);
insert into compass_mt.lever_transition_probabilities values(0,136,99,-4.3820);
insert into compass_mt.lever_transition_probabilities values(0,103,106,-4.3820);
insert into compass_mt.lever_transition_probabilities values(0,123,103,-4.3820);
insert into compass_mt.lever_transition_probabilities values(0,123,100,-4.3820);
insert into compass_mt.lever_transition_probabilities values(0,112,112,-4.3820);
insert into compass_mt.lever_transition_probabilities values(0,123,102,-4.3820);
insert into compass_mt.lever_transition_probabilities values(0,112,110,-4.3820);
insert into compass_mt.lever_transition_probabilities values(0,123,106,-4.3820);
insert into compass_mt.lever_transition_probabilities values(0,122,123,-4.3820);
insert into compass_mt.lever_transition_probabilities values(0,122,122,-4.3820);
insert into compass_mt.lever_transition_probabilities values(0,110,106,-4.3820);
insert into compass_mt.lever_transition_probabilities values(0,110,100,-3.6888);
insert into compass_mt.lever_transition_probabilities values(0,110,102,-4.3820);
insert into compass_mt.lever_transition_probabilities values(0,110,103,-4.3820);
insert into compass_mt.lever_transition_probabilities values(0,122,99,-4.3820);
insert into compass_mt.lever_transition_probabilities values(0,99,110,-4.3820);
insert into compass_mt.lever_transition_probabilities values(0,99,112,-3.6888);
insert into compass_mt.lever_transition_probabilities values(0,100,106,-3.6888);
insert into compass_mt.lever_transition_probabilities values(0,100,103,-3.6888);
insert into compass_mt.lever_transition_probabilities values(0,100,102,-4.3820);
insert into compass_mt.lever_transition_probabilities values(0,100,100,-4.3820);
insert into compass_mt.lever_transition_probabilities values(0,102,99,-4.3820);
insert into compass_mt.lever_transition_probabilities values(0,106,123,-4.3820);
insert into compass_mt.lever_transition_probabilities values(0,106,122,-4.3820);
insert into compass_mt.lever_transition_probabilities values(0,102,97,-4.3820);
insert into compass_mt.lever_transition_probabilities values(0,136,100,-2.5902);
insert into compass_mt.lever_transition_probabilities values(0,136,102,-4.3820);
insert into compass_mt.lever_transition_probabilities values(0,136,103,-4.3820);
insert into compass_mt.lever_transition_probabilities values(0,136,106,-3.6888);
insert into compass_mt.lever_transition_probabilities values(0,122,112,-4.3820);
insert into compass_mt.lever_transition_probabilities values(0,122,110,-4.3820);
insert into compass_mt.lever_transition_probabilities values(0,112,122,-4.3820);
insert into compass_mt.lever_transition_probabilities values(0,112,123,-4.3820);
insert into compass_mt.lever_transition_probabilities values(0,106,99,-4.3820);
insert into compass_mt.lever_transition_probabilities values(0,122,97,-4.3820);
insert into compass_mt.lever_transition_probabilities values(0,106,97,-4.3820);
insert into compass_mt.lever_transition_probabilities values(0,106,110,-4.3820);
insert into compass_mt.lever_transition_probabilities values(0,106,112,-2.5902);
insert into compass_mt.lever_transition_probabilities values(0,97,122,-4.3820);
insert into compass_mt.lever_transition_probabilities values(0,97,123,-4.3820);
insert into compass_mt.lever_transition_probabilities values(0,122,106,-4.3820);
insert into compass_mt.lever_transition_probabilities values(0,122,103,-4.3820);
insert into compass_mt.lever_transition_probabilities values(0,122,102,-4.3820);
insert into compass_mt.lever_transition_probabilities values(0,122,100,-3.3524);
insert into compass_mt.lever_transition_probabilities values(0,102,100,-2.5902);
insert into compass_mt.lever_transition_probabilities values(0,102,103,-3.6888);
insert into compass_mt.lever_transition_probabilities values(0,102,102,-4.3820);
insert into compass_mt.lever_transition_probabilities values(0,102,106,-4.3820);
insert into compass_mt.lever_transition_probabilities values(0,112,136,-4.3820);
insert into compass_mt.lever_transition_probabilities values(0,103,112,-4.3820);
insert into compass_mt.lever_transition_probabilities values(0,103,110,-4.3820);
insert into compass_mt.lever_transition_probabilities values(0,97,136,-4.3820);
insert into compass_mt.lever_transition_probabilities values(0,103,136,-4.3820);
insert into compass_mt.lever_transition_probabilities values(0,97,112,-4.3820);
insert into compass_mt.lever_transition_probabilities values(0,97,110,-4.3820);
insert into compass_mt.lever_transition_probabilities values(0,99,136,-3.6888);
insert into compass_mt.lever_transition_probabilities values(0,103,97,-4.3820);
insert into compass_mt.lever_transition_probabilities values(0,103,99,-4.3820);
insert into compass_mt.lever_transition_probabilities values(0,110,99,-3.6888);
insert into compass_mt.lever_transition_probabilities values(0,110,97,-4.3820);
insert into compass_mt.lever_transition_probabilities values(0,103,122,-4.3820);
insert into compass_mt.lever_transition_probabilities values(0,103,123,-4.3820);
insert into compass_mt.lever_transition_probabilities values(0,123,136,-4.3820);
insert into compass_mt.lever_transition_probabilities values(0,110,136,-4.3820);
insert into compass_mt.lever_transition_probabilities values(0,106,136,-4.3820);
insert into compass_mt.lever_transition_probabilities values(0,97,102,-4.3820);
insert into compass_mt.lever_transition_probabilities values(0,97,103,-4.3820);
insert into compass_mt.lever_transition_probabilities values(0,97,100,-4.3820);
insert into compass_mt.lever_transition_probabilities values(0,97,106,-4.3820);
insert into compass_mt.lever_transition_probabilities values(0,110,110,-4.3820);
insert into compass_mt.lever_transition_probabilities values(0,110,112,-4.3820);
insert into compass_mt.lever_transition_probabilities values(0,136,122,-4.3820);
insert into compass_mt.lever_transition_probabilities values(0,102,123,-4.3820);
insert into compass_mt.lever_transition_probabilities values(0,102,122,-4.3820);
insert into compass_mt.lever_transition_probabilities values(0,136,136,-4.3820);
insert into compass_mt.lever_transition_probabilities values(0,123,97,-4.3820);
insert into compass_mt.lever_transition_probabilities values(0,123,99,-4.3820);
insert into compass_mt.lever_transition_probabilities values(0,110,122,-4.3820);
insert into compass_mt.lever_transition_probabilities values(0,110,123,-4.3820);
insert into compass_mt.lever_transition_probabilities values(0,136,97,-4.3820);
insert into compass_mt.lever_transition_probabilities values(0,97,99,-4.3820);
insert into compass_mt.lever_transition_probabilities values(0,102,110,-4.3820);
insert into compass_mt.lever_transition_probabilities values(0,102,112,-4.3820);
insert into compass_mt.lever_transition_probabilities values(0,99,99,-4.3820);
insert into compass_mt.lever_transition_probabilities values(0,100,99,-3.6888);
insert into compass_mt.lever_transition_probabilities values(0,123,110,-4.3820);
insert into compass_mt.lever_transition_probabilities values(0,123,112,-4.3820);
insert into compass_mt.lever_transition_probabilities values(0,100,97,-3.3524);
insert into compass_mt.lever_transition_probabilities values(0,106,106,-4.3820);
insert into compass_mt.lever_transition_probabilities values(0,100,136,-2.9004);
insert into compass_mt.lever_transition_probabilities values(0,99,97,-4.3820);
insert into compass_mt.lever_transition_probabilities values(0,123,123,-4.3820);
insert into compass_mt.lever_transition_probabilities values(0,99,100,-3.6888);
insert into compass_mt.lever_transition_probabilities values(0,99,102,-4.3820);
insert into compass_mt.lever_transition_probabilities values(0,99,103,-4.3820);
insert into compass_mt.lever_transition_probabilities values(0,99,106,-4.3820);
insert into compass_mt.lever_transition_probabilities values(0,112,97,-4.3820);
insert into compass_mt.lever_transition_probabilities values(0,123,122,-4.3820);
insert into compass_mt.lever_transition_probabilities values(0,136,110,-4.3820);
insert into compass_mt.lever_transition_probabilities values(0,136,112,-3.3524);
insert into compass_mt.lever_transition_probabilities values(0,112,99,-4.3820);
insert into compass_mt.lever_transition_probabilities values(1,100,123,-4.6821);
insert into compass_mt.lever_transition_probabilities values(1,100,122,-4.6821);
insert into compass_mt.lever_transition_probabilities values(1,97,97,-4.6821);
insert into compass_mt.lever_transition_probabilities values(1,106,100,-4.6821);
insert into compass_mt.lever_transition_probabilities values(1,106,103,-4.6821);
insert into compass_mt.lever_transition_probabilities values(1,106,102,-4.6821);
insert into compass_mt.lever_transition_probabilities values(1,112,106,-4.6821);
insert into compass_mt.lever_transition_probabilities values(1,112,102,-3.9889);
insert into compass_mt.lever_transition_probabilities values(1,112,103,-4.6821);
insert into compass_mt.lever_transition_probabilities values(1,112,100,-4.6821);
insert into compass_mt.lever_transition_probabilities values(1,122,136,-4.6821);
insert into compass_mt.lever_transition_probabilities values(1,102,136,-1.3079);
insert into compass_mt.lever_transition_probabilities values(1,136,123,-2.6539);
insert into compass_mt.lever_transition_probabilities values(1,100,112,-4.6821);
insert into compass_mt.lever_transition_probabilities values(1,100,110,-4.6821);
insert into compass_mt.lever_transition_probabilities values(1,99,122,-4.6821);
insert into compass_mt.lever_transition_probabilities values(1,99,123,-3.6525);
insert into compass_mt.lever_transition_probabilities values(1,103,102,-3.2005);
insert into compass_mt.lever_transition_probabilities values(1,103,103,-4.6821);
insert into compass_mt.lever_transition_probabilities values(1,103,100,-4.6821);
insert into compass_mt.lever_transition_probabilities values(1,136,99,-3.9889);
insert into compass_mt.lever_transition_probabilities values(1,103,106,-4.6821);
insert into compass_mt.lever_transition_probabilities values(1,123,103,-3.6525);
insert into compass_mt.lever_transition_probabilities values(1,123,100,-4.6821);
insert into compass_mt.lever_transition_probabilities values(1,112,112,-4.6821);
insert into compass_mt.lever_transition_probabilities values(1,123,102,-4.6821);
insert into compass_mt.lever_transition_probabilities values(1,112,110,-4.6821);
insert into compass_mt.lever_transition_probabilities values(1,123,106,-4.6821);
insert into compass_mt.lever_transition_probabilities values(1,122,123,-4.6821);
insert into compass_mt.lever_transition_probabilities values(1,122,122,-4.6821);
insert into compass_mt.lever_transition_probabilities values(1,110,106,-4.6821);
insert into compass_mt.lever_transition_probabilities values(1,110,100,-4.6821);
insert into compass_mt.lever_transition_probabilities values(1,110,102,-4.6821);
insert into compass_mt.lever_transition_probabilities values(1,110,103,-4.6821);
insert into compass_mt.lever_transition_probabilities values(1,122,99,-4.6821);
insert into compass_mt.lever_transition_probabilities values(1,99,110,-4.6821);
insert into compass_mt.lever_transition_probabilities values(1,99,112,-4.6821);
insert into compass_mt.lever_transition_probabilities values(1,100,106,-3.6525);
insert into compass_mt.lever_transition_probabilities values(1,100,103,-4.6821);
insert into compass_mt.lever_transition_probabilities values(1,100,102,-4.6821);
insert into compass_mt.lever_transition_probabilities values(1,100,100,-4.6821);
insert into compass_mt.lever_transition_probabilities values(1,102,99,-4.6821);
insert into compass_mt.lever_transition_probabilities values(1,106,123,-4.6821);
insert into compass_mt.lever_transition_probabilities values(1,106,122,-4.6821);
insert into compass_mt.lever_transition_probabilities values(1,102,97,-4.6821);
insert into compass_mt.lever_transition_probabilities values(1,136,100,-3.0334);
insert into compass_mt.lever_transition_probabilities values(1,136,102,-2.3795);
insert into compass_mt.lever_transition_probabilities values(1,136,103,-2.8903);
insert into compass_mt.lever_transition_probabilities values(1,136,106,-3.9889);
insert into compass_mt.lever_transition_probabilities values(1,122,112,-4.6821);
insert into compass_mt.lever_transition_probabilities values(1,122,110,-4.6821);
insert into compass_mt.lever_transition_probabilities values(1,112,122,-4.6821);
insert into compass_mt.lever_transition_probabilities values(1,112,123,-4.6821);
insert into compass_mt.lever_transition_probabilities values(1,106,99,-3.9889);
insert into compass_mt.lever_transition_probabilities values(1,122,97,-4.6821);
insert into compass_mt.lever_transition_probabilities values(1,106,97,-4.6821);
insert into compass_mt.lever_transition_probabilities values(1,106,110,-4.6821);
insert into compass_mt.lever_transition_probabilities values(1,106,112,-4.6821);
insert into compass_mt.lever_transition_probabilities values(1,97,122,-4.6821);
insert into compass_mt.lever_transition_probabilities values(1,97,123,-4.6821);
insert into compass_mt.lever_transition_probabilities values(1,122,106,-4.6821);
insert into compass_mt.lever_transition_probabilities values(1,122,103,-4.6821);
insert into compass_mt.lever_transition_probabilities values(1,122,102,-4.6821);
insert into compass_mt.lever_transition_probabilities values(1,122,100,-4.6821);
insert into compass_mt.lever_transition_probabilities values(1,102,100,-4.6821);
insert into compass_mt.lever_transition_probabilities values(1,102,103,-4.6821);
insert into compass_mt.lever_transition_probabilities values(1,102,102,-4.6821);
insert into compass_mt.lever_transition_probabilities values(1,102,106,-4.6821);
insert into compass_mt.lever_transition_probabilities values(1,112,136,-2.5538);
insert into compass_mt.lever_transition_probabilities values(1,103,112,-4.6821);
insert into compass_mt.lever_transition_probabilities values(1,103,110,-4.6821);
insert into compass_mt.lever_transition_probabilities values(1,97,136,-3.0334);
insert into compass_mt.lever_transition_probabilities values(1,103,136,-4.6821);
insert into compass_mt.lever_transition_probabilities values(1,97,112,-4.6821);
insert into compass_mt.lever_transition_probabilities values(1,97,110,-4.6821);
insert into compass_mt.lever_transition_probabilities values(1,99,136,-3.9889);
insert into compass_mt.lever_transition_probabilities values(1,103,97,-4.6821);
insert into compass_mt.lever_transition_probabilities values(1,103,99,-4.6821);
insert into compass_mt.lever_transition_probabilities values(1,110,99,-4.6821);
insert into compass_mt.lever_transition_probabilities values(1,110,97,-4.6821);
insert into compass_mt.lever_transition_probabilities values(1,103,122,-4.6821);
insert into compass_mt.lever_transition_probabilities values(1,103,123,-4.6821);
insert into compass_mt.lever_transition_probabilities values(1,123,136,-2.8903);
insert into compass_mt.lever_transition_probabilities values(1,110,136,-4.6821);
insert into compass_mt.lever_transition_probabilities values(1,106,136,-4.6821);
insert into compass_mt.lever_transition_probabilities values(1,97,102,-4.6821);
insert into compass_mt.lever_transition_probabilities values(1,97,103,-4.6821);
insert into compass_mt.lever_transition_probabilities values(1,97,100,-4.6821);
insert into compass_mt.lever_transition_probabilities values(1,97,106,-4.6821);
insert into compass_mt.lever_transition_probabilities values(1,110,110,-4.6821);
insert into compass_mt.lever_transition_probabilities values(1,110,112,-4.6821);
insert into compass_mt.lever_transition_probabilities values(1,136,122,-4.6821);
insert into compass_mt.lever_transition_probabilities values(1,102,123,-4.6821);
insert into compass_mt.lever_transition_probabilities values(1,102,122,-4.6821);
insert into compass_mt.lever_transition_probabilities values(1,136,136,-4.6821);
insert into compass_mt.lever_transition_probabilities values(1,123,97,-4.6821);
insert into compass_mt.lever_transition_probabilities values(1,123,99,-4.6821);
insert into compass_mt.lever_transition_probabilities values(1,110,122,-4.6821);
insert into compass_mt.lever_transition_probabilities values(1,110,123,-4.6821);
insert into compass_mt.lever_transition_probabilities values(1,136,97,-2.3025);
insert into compass_mt.lever_transition_probabilities values(1,97,99,-3.6525);
insert into compass_mt.lever_transition_probabilities values(1,102,110,-4.6821);
insert into compass_mt.lever_transition_probabilities values(1,102,112,-4.6821);
insert into compass_mt.lever_transition_probabilities values(1,99,99,-4.6821);
insert into compass_mt.lever_transition_probabilities values(1,100,99,-4.6821);
insert into compass_mt.lever_transition_probabilities values(1,123,110,-4.6821);
insert into compass_mt.lever_transition_probabilities values(1,123,112,-4.6821);
insert into compass_mt.lever_transition_probabilities values(1,100,97,-4.6821);
insert into compass_mt.lever_transition_probabilities values(1,106,106,-4.6821);
insert into compass_mt.lever_transition_probabilities values(1,100,136,-3.9889);
insert into compass_mt.lever_transition_probabilities values(1,99,97,-4.6821);
insert into compass_mt.lever_transition_probabilities values(1,123,123,-4.6821);
insert into compass_mt.lever_transition_probabilities values(1,99,100,-4.6821);
insert into compass_mt.lever_transition_probabilities values(1,99,102,-4.6821);
insert into compass_mt.lever_transition_probabilities values(1,99,103,-3.9889);
insert into compass_mt.lever_transition_probabilities values(1,99,106,-4.6821);
insert into compass_mt.lever_transition_probabilities values(1,112,97,-4.6821);
insert into compass_mt.lever_transition_probabilities values(1,123,122,-4.6821);
insert into compass_mt.lever_transition_probabilities values(1,136,110,-4.6821);
insert into compass_mt.lever_transition_probabilities values(1,136,112,-2.5538);
insert into compass_mt.lever_transition_probabilities values(1,112,99,-4.6821);
insert into compass_mt.lever_transition_probabilities values(2,100,123,-6.0730);
insert into compass_mt.lever_transition_probabilities values(2,100,122,-5.3798);
insert into compass_mt.lever_transition_probabilities values(2,97,97,-6.0730);
insert into compass_mt.lever_transition_probabilities values(2,106,100,-6.0730);
insert into compass_mt.lever_transition_probabilities values(2,106,103,-6.0730);
insert into compass_mt.lever_transition_probabilities values(2,106,102,-6.0730);
insert into compass_mt.lever_transition_probabilities values(2,112,106,-5.0434);
insert into compass_mt.lever_transition_probabilities values(2,112,102,-2.1610);
insert into compass_mt.lever_transition_probabilities values(2,112,103,-5.3798);
insert into compass_mt.lever_transition_probabilities values(2,112,100,-2.9117);
insert into compass_mt.lever_transition_probabilities values(2,122,136,-5.3798);
insert into compass_mt.lever_transition_probabilities values(2,102,136,-5.3798);
insert into compass_mt.lever_transition_probabilities values(2,136,123,-5.0434);
insert into compass_mt.lever_transition_probabilities values(2,100,112,-3.6934);
insert into compass_mt.lever_transition_probabilities values(2,100,110,-6.0730);
insert into compass_mt.lever_transition_probabilities values(2,99,122,-6.0730);
insert into compass_mt.lever_transition_probabilities values(2,99,123,-5.3798);
insert into compass_mt.lever_transition_probabilities values(2,103,102,-4.5914);
insert into compass_mt.lever_transition_probabilities values(2,103,103,-6.0730);
insert into compass_mt.lever_transition_probabilities values(2,103,100,-6.0730);
insert into compass_mt.lever_transition_probabilities values(2,136,99,-4.0448);
insert into compass_mt.lever_transition_probabilities values(2,103,106,-6.0730);
insert into compass_mt.lever_transition_probabilities values(2,123,103,-5.3798);
insert into compass_mt.lever_transition_probabilities values(2,123,100,-6.0730);
insert into compass_mt.lever_transition_probabilities values(2,112,112,-6.0730);
insert into compass_mt.lever_transition_probabilities values(2,123,102,-5.0434);
insert into compass_mt.lever_transition_probabilities values(2,112,110,-4.4243);
insert into compass_mt.lever_transition_probabilities values(2,123,106,-6.0730);
insert into compass_mt.lever_transition_probabilities values(2,122,123,-6.0730);
insert into compass_mt.lever_transition_probabilities values(2,122,122,-6.0730);
insert into compass_mt.lever_transition_probabilities values(2,110,106,-6.0730);
insert into compass_mt.lever_transition_probabilities values(2,110,100,-4.0448);
insert into compass_mt.lever_transition_probabilities values(2,110,102,-6.0730);
insert into compass_mt.lever_transition_probabilities values(2,110,103,-6.0730);
insert into compass_mt.lever_transition_probabilities values(2,122,99,-6.0730);
insert into compass_mt.lever_transition_probabilities values(2,99,110,-6.0730);
insert into compass_mt.lever_transition_probabilities values(2,99,112,-3.7704);
insert into compass_mt.lever_transition_probabilities values(2,100,106,-6.0730);
insert into compass_mt.lever_transition_probabilities values(2,100,103,-6.0730);
insert into compass_mt.lever_transition_probabilities values(2,100,102,-5.3798);
insert into compass_mt.lever_transition_probabilities values(2,100,100,-6.0730);
insert into compass_mt.lever_transition_probabilities values(2,102,99,-6.0730);
insert into compass_mt.lever_transition_probabilities values(2,106,123,-6.0730);
insert into compass_mt.lever_transition_probabilities values(2,106,122,-6.0730);
insert into compass_mt.lever_transition_probabilities values(2,102,97,-6.0730);
insert into compass_mt.lever_transition_probabilities values(2,136,100,-6.0730);
insert into compass_mt.lever_transition_probabilities values(2,136,102,-3.7704);
insert into compass_mt.lever_transition_probabilities values(2,136,103,-5.3798);
insert into compass_mt.lever_transition_probabilities values(2,136,106,-6.0730);
insert into compass_mt.lever_transition_probabilities values(2,122,112,-3.6934);
insert into compass_mt.lever_transition_probabilities values(2,122,110,-6.0730);
insert into compass_mt.lever_transition_probabilities values(2,112,122,-3.8538);
insert into compass_mt.lever_transition_probabilities values(2,112,123,-4.4243);
insert into compass_mt.lever_transition_probabilities values(2,106,99,-5.0434);
insert into compass_mt.lever_transition_probabilities values(2,122,97,-6.0730);
insert into compass_mt.lever_transition_probabilities values(2,106,97,-5.3798);
insert into compass_mt.lever_transition_probabilities values(2,106,110,-6.0730);
insert into compass_mt.lever_transition_probabilities values(2,106,112,-3.8538);
insert into compass_mt.lever_transition_probabilities values(2,97,122,-5.3798);
insert into compass_mt.lever_transition_probabilities values(2,97,123,-5.3798);
insert into compass_mt.lever_transition_probabilities values(2,122,106,-6.0730);
insert into compass_mt.lever_transition_probabilities values(2,122,103,-6.0730);
insert into compass_mt.lever_transition_probabilities values(2,122,102,-6.0730);
insert into compass_mt.lever_transition_probabilities values(2,122,100,-6.0730);
insert into compass_mt.lever_transition_probabilities values(2,102,100,-5.3798);
insert into compass_mt.lever_transition_probabilities values(2,102,103,-4.4243);
insert into compass_mt.lever_transition_probabilities values(2,102,102,-6.0730);
insert into compass_mt.lever_transition_probabilities values(2,102,106,-4.5914);
insert into compass_mt.lever_transition_probabilities values(2,112,136,-1.9588);
insert into compass_mt.lever_transition_probabilities values(2,103,112,-3.9448);
insert into compass_mt.lever_transition_probabilities values(2,103,110,-6.0730);
insert into compass_mt.lever_transition_probabilities values(2,97,136,-4.5914);
insert into compass_mt.lever_transition_probabilities values(2,103,136,-6.0730);
insert into compass_mt.lever_transition_probabilities values(2,97,112,-2.5948);
insert into compass_mt.lever_transition_probabilities values(2,97,110,-6.0730);
insert into compass_mt.lever_transition_probabilities values(2,99,136,-5.3798);
insert into compass_mt.lever_transition_probabilities values(2,103,97,-6.0730);
insert into compass_mt.lever_transition_probabilities values(2,103,99,-4.4243);
insert into compass_mt.lever_transition_probabilities values(2,110,99,-6.0730);
insert into compass_mt.lever_transition_probabilities values(2,110,97,-6.0730);
insert into compass_mt.lever_transition_probabilities values(2,103,122,-6.0730);
insert into compass_mt.lever_transition_probabilities values(2,103,123,-6.0730);
insert into compass_mt.lever_transition_probabilities values(2,123,136,-5.3798);
insert into compass_mt.lever_transition_probabilities values(2,110,136,-5.0434);
insert into compass_mt.lever_transition_probabilities values(2,106,136,-6.0730);
insert into compass_mt.lever_transition_probabilities values(2,97,102,-4.4243);
insert into compass_mt.lever_transition_probabilities values(2,97,103,-6.0730);
insert into compass_mt.lever_transition_probabilities values(2,97,100,-5.3798);
insert into compass_mt.lever_transition_probabilities values(2,97,106,-5.0434);
insert into compass_mt.lever_transition_probabilities values(2,110,110,-6.0730);
insert into compass_mt.lever_transition_probabilities values(2,110,112,-6.0730);
insert into compass_mt.lever_transition_probabilities values(2,136,122,-4.4243);
insert into compass_mt.lever_transition_probabilities values(2,102,123,-4.1561);
insert into compass_mt.lever_transition_probabilities values(2,102,122,-6.0730);
insert into compass_mt.lever_transition_probabilities values(2,136,136,-6.0730);
insert into compass_mt.lever_transition_probabilities values(2,123,97,-5.3798);
insert into compass_mt.lever_transition_probabilities values(2,123,99,-5.3798);
insert into compass_mt.lever_transition_probabilities values(2,110,122,-6.0730);
insert into compass_mt.lever_transition_probabilities values(2,110,123,-6.0730);
insert into compass_mt.lever_transition_probabilities values(2,136,97,-4.5914);
insert into compass_mt.lever_transition_probabilities values(2,97,99,-6.0730);
insert into compass_mt.lever_transition_probabilities values(2,102,110,-4.5914);
insert into compass_mt.lever_transition_probabilities values(2,102,112,-2.2102);
insert into compass_mt.lever_transition_probabilities values(2,99,99,-6.0730);
insert into compass_mt.lever_transition_probabilities values(2,100,99,-6.0730);
insert into compass_mt.lever_transition_probabilities values(2,123,110,-6.0730);
insert into compass_mt.lever_transition_probabilities values(2,123,112,-3.6934);
insert into compass_mt.lever_transition_probabilities values(2,100,97,-5.3798);
insert into compass_mt.lever_transition_probabilities values(2,106,106,-6.0730);
insert into compass_mt.lever_transition_probabilities values(2,100,136,-5.3798);
insert into compass_mt.lever_transition_probabilities values(2,99,97,-6.0730);
insert into compass_mt.lever_transition_probabilities values(2,123,123,-6.0730);
insert into compass_mt.lever_transition_probabilities values(2,99,100,-4.4243);
insert into compass_mt.lever_transition_probabilities values(2,99,102,-6.0730);
insert into compass_mt.lever_transition_probabilities values(2,99,103,-4.1561);
insert into compass_mt.lever_transition_probabilities values(2,99,106,-6.0730);
insert into compass_mt.lever_transition_probabilities values(2,112,97,-2.3942);
insert into compass_mt.lever_transition_probabilities values(2,123,122,-5.3798);
insert into compass_mt.lever_transition_probabilities values(2,136,110,-5.3798);
insert into compass_mt.lever_transition_probabilities values(2,136,112,-1.7370);
insert into compass_mt.lever_transition_probabilities values(2,112,99,-3.6934);
insert into compass_mt.lever_transition_probabilities values(3,100,123,-2.8903);
insert into compass_mt.lever_transition_probabilities values(3,100,122,-2.8903);
insert into compass_mt.lever_transition_probabilities values(3,97,97,-2.8903);
insert into compass_mt.lever_transition_probabilities values(3,106,100,-2.8903);
insert into compass_mt.lever_transition_probabilities values(3,106,103,-2.8903);
insert into compass_mt.lever_transition_probabilities values(3,106,102,-2.8903);
insert into compass_mt.lever_transition_probabilities values(3,112,106,-2.8903);
insert into compass_mt.lever_transition_probabilities values(3,112,102,-2.8903);
insert into compass_mt.lever_transition_probabilities values(3,112,103,-2.8903);
insert into compass_mt.lever_transition_probabilities values(3,112,100,-2.8903);
insert into compass_mt.lever_transition_probabilities values(3,122,136,-2.1972);
insert into compass_mt.lever_transition_probabilities values(3,102,136,-2.8903);
insert into compass_mt.lever_transition_probabilities values(3,136,123,-2.1972);
insert into compass_mt.lever_transition_probabilities values(3,100,112,-2.8903);
insert into compass_mt.lever_transition_probabilities values(3,100,110,-2.1972);
insert into compass_mt.lever_transition_probabilities values(3,99,122,-2.8903);
insert into compass_mt.lever_transition_probabilities values(3,99,123,-1.8607);
insert into compass_mt.lever_transition_probabilities values(3,103,102,-2.8903);
insert into compass_mt.lever_transition_probabilities values(3,103,103,-2.8903);
insert into compass_mt.lever_transition_probabilities values(3,103,100,-2.8903);
insert into compass_mt.lever_transition_probabilities values(3,136,99,-1.8607);
insert into compass_mt.lever_transition_probabilities values(3,103,106,-2.8903);
insert into compass_mt.lever_transition_probabilities values(3,123,103,-2.8903);
insert into compass_mt.lever_transition_probabilities values(3,123,100,-2.1972);
insert into compass_mt.lever_transition_probabilities values(3,112,112,-2.8903);
insert into compass_mt.lever_transition_probabilities values(3,123,102,-2.8903);
insert into compass_mt.lever_transition_probabilities values(3,112,110,-2.8903);
insert into compass_mt.lever_transition_probabilities values(3,123,106,-2.8903);
insert into compass_mt.lever_transition_probabilities values(3,122,123,-2.8903);
insert into compass_mt.lever_transition_probabilities values(3,122,122,-2.8903);
insert into compass_mt.lever_transition_probabilities values(3,110,106,-2.8903);
insert into compass_mt.lever_transition_probabilities values(3,110,100,-2.8903);
insert into compass_mt.lever_transition_probabilities values(3,110,102,-2.8903);
insert into compass_mt.lever_transition_probabilities values(3,110,103,-2.8903);
insert into compass_mt.lever_transition_probabilities values(3,122,99,-2.8903);
insert into compass_mt.lever_transition_probabilities values(3,99,110,-2.8903);
insert into compass_mt.lever_transition_probabilities values(3,99,112,-2.8903);
insert into compass_mt.lever_transition_probabilities values(3,100,106,-2.8903);
insert into compass_mt.lever_transition_probabilities values(3,100,103,-2.8903);
insert into compass_mt.lever_transition_probabilities values(3,100,102,-2.8903);
insert into compass_mt.lever_transition_probabilities values(3,100,100,-2.8903);
insert into compass_mt.lever_transition_probabilities values(3,102,99,-2.8903);
insert into compass_mt.lever_transition_probabilities values(3,106,123,-2.8903);
insert into compass_mt.lever_transition_probabilities values(3,106,122,-2.8903);
insert into compass_mt.lever_transition_probabilities values(3,102,97,-2.8903);
insert into compass_mt.lever_transition_probabilities values(3,136,100,-2.8903);
insert into compass_mt.lever_transition_probabilities values(3,136,102,-2.8903);
insert into compass_mt.lever_transition_probabilities values(3,136,103,-2.8903);
insert into compass_mt.lever_transition_probabilities values(3,136,106,-2.8903);
insert into compass_mt.lever_transition_probabilities values(3,122,112,-2.8903);
insert into compass_mt.lever_transition_probabilities values(3,122,110,-2.8903);
insert into compass_mt.lever_transition_probabilities values(3,112,122,-2.8903);
insert into compass_mt.lever_transition_probabilities values(3,112,123,-2.8903);
insert into compass_mt.lever_transition_probabilities values(3,106,99,-2.8903);
insert into compass_mt.lever_transition_probabilities values(3,122,97,-2.8903);
insert into compass_mt.lever_transition_probabilities values(3,106,97,-2.8903);
insert into compass_mt.lever_transition_probabilities values(3,106,110,-2.8903);
insert into compass_mt.lever_transition_probabilities values(3,106,112,-2.8903);
insert into compass_mt.lever_transition_probabilities values(3,97,122,-2.8903);
insert into compass_mt.lever_transition_probabilities values(3,97,123,-2.8903);
insert into compass_mt.lever_transition_probabilities values(3,122,106,-2.8903);
insert into compass_mt.lever_transition_probabilities values(3,122,103,-2.8903);
insert into compass_mt.lever_transition_probabilities values(3,122,102,-2.8903);
insert into compass_mt.lever_transition_probabilities values(3,122,100,-2.8903);
insert into compass_mt.lever_transition_probabilities values(3,102,100,-2.8903);
insert into compass_mt.lever_transition_probabilities values(3,102,103,-2.8903);
insert into compass_mt.lever_transition_probabilities values(3,102,102,-2.8903);
insert into compass_mt.lever_transition_probabilities values(3,102,106,-2.8903);
insert into compass_mt.lever_transition_probabilities values(3,112,136,-2.8903);
insert into compass_mt.lever_transition_probabilities values(3,103,112,-2.8903);
insert into compass_mt.lever_transition_probabilities values(3,103,110,-2.8903);
insert into compass_mt.lever_transition_probabilities values(3,97,136,-2.8903);
insert into compass_mt.lever_transition_probabilities values(3,103,136,-2.1972);
insert into compass_mt.lever_transition_probabilities values(3,97,112,-2.8903);
insert into compass_mt.lever_transition_probabilities values(3,97,110,-2.8903);
insert into compass_mt.lever_transition_probabilities values(3,99,136,-2.8903);
insert into compass_mt.lever_transition_probabilities values(3,103,97,-2.8903);
insert into compass_mt.lever_transition_probabilities values(3,103,99,-2.8903);
insert into compass_mt.lever_transition_probabilities values(3,110,99,-2.8903);
insert into compass_mt.lever_transition_probabilities values(3,110,97,-2.8903);
insert into compass_mt.lever_transition_probabilities values(3,103,122,-2.8903);
insert into compass_mt.lever_transition_probabilities values(3,103,123,-2.8903);
insert into compass_mt.lever_transition_probabilities values(3,123,136,-2.8903);
insert into compass_mt.lever_transition_probabilities values(3,110,136,-2.8903);
insert into compass_mt.lever_transition_probabilities values(3,106,136,-2.8903);
insert into compass_mt.lever_transition_probabilities values(3,97,102,-2.8903);
insert into compass_mt.lever_transition_probabilities values(3,97,103,-2.8903);
insert into compass_mt.lever_transition_probabilities values(3,97,100,-2.8903);
insert into compass_mt.lever_transition_probabilities values(3,97,106,-2.8903);
insert into compass_mt.lever_transition_probabilities values(3,110,110,-2.8903);
insert into compass_mt.lever_transition_probabilities values(3,110,112,-2.8903);
insert into compass_mt.lever_transition_probabilities values(3,136,122,-2.8903);
insert into compass_mt.lever_transition_probabilities values(3,102,123,-2.8903);
insert into compass_mt.lever_transition_probabilities values(3,102,122,-2.8903);
insert into compass_mt.lever_transition_probabilities values(3,136,136,-2.8903);
insert into compass_mt.lever_transition_probabilities values(3,123,97,-2.8903);
insert into compass_mt.lever_transition_probabilities values(3,123,99,-1.8607);
insert into compass_mt.lever_transition_probabilities values(3,110,122,-2.1972);
insert into compass_mt.lever_transition_probabilities values(3,110,123,-2.8903);
insert into compass_mt.lever_transition_probabilities values(3,136,97,-2.8903);
insert into compass_mt.lever_transition_probabilities values(3,97,99,-2.8903);
insert into compass_mt.lever_transition_probabilities values(3,102,110,-2.8903);
insert into compass_mt.lever_transition_probabilities values(3,102,112,-2.8903);
insert into compass_mt.lever_transition_probabilities values(3,99,99,-2.8903);
insert into compass_mt.lever_transition_probabilities values(3,100,99,-2.8903);
insert into compass_mt.lever_transition_probabilities values(3,123,110,-2.8903);
insert into compass_mt.lever_transition_probabilities values(3,123,112,-2.8903);
insert into compass_mt.lever_transition_probabilities values(3,100,97,-2.8903);
insert into compass_mt.lever_transition_probabilities values(3,106,106,-2.8903);
insert into compass_mt.lever_transition_probabilities values(3,100,136,-2.8903);
insert into compass_mt.lever_transition_probabilities values(3,99,97,-2.8903);
insert into compass_mt.lever_transition_probabilities values(3,123,123,-2.8903);
insert into compass_mt.lever_transition_probabilities values(3,99,100,-2.8903);
insert into compass_mt.lever_transition_probabilities values(3,99,102,-1.8607);
insert into compass_mt.lever_transition_probabilities values(3,99,103,-2.8903);
insert into compass_mt.lever_transition_probabilities values(3,99,106,-2.8903);
insert into compass_mt.lever_transition_probabilities values(3,112,97,-2.8903);
insert into compass_mt.lever_transition_probabilities values(3,123,122,-2.8903);
insert into compass_mt.lever_transition_probabilities values(3,136,110,-2.8903);
insert into compass_mt.lever_transition_probabilities values(3,136,112,-2.8903);
insert into compass_mt.lever_transition_probabilities values(3,112,99,-2.8903);
insert into compass_mt.lever_transition_probabilities values(4,100,123,-4.0253);
insert into compass_mt.lever_transition_probabilities values(4,100,122,-2.3766);
insert into compass_mt.lever_transition_probabilities values(4,97,97,-4.0253);
insert into compass_mt.lever_transition_probabilities values(4,106,100,-4.0253);
insert into compass_mt.lever_transition_probabilities values(4,106,103,-4.0253);
insert into compass_mt.lever_transition_probabilities values(4,106,102,-2.3766);
insert into compass_mt.lever_transition_probabilities values(4,112,106,-4.0253);
insert into compass_mt.lever_transition_probabilities values(4,112,102,-4.0253);
insert into compass_mt.lever_transition_probabilities values(4,112,103,-4.0253);
insert into compass_mt.lever_transition_probabilities values(4,112,100,-4.0253);
insert into compass_mt.lever_transition_probabilities values(4,122,136,-1.8971);
insert into compass_mt.lever_transition_probabilities values(4,102,136,-3.3322);
insert into compass_mt.lever_transition_probabilities values(4,136,123,-4.0253);
insert into compass_mt.lever_transition_probabilities values(4,100,112,-4.0253);
insert into compass_mt.lever_transition_probabilities values(4,100,110,-1.9972);
insert into compass_mt.lever_transition_probabilities values(4,99,122,-4.0253);
insert into compass_mt.lever_transition_probabilities values(4,99,123,-4.0253);
insert into compass_mt.lever_transition_probabilities values(4,103,102,-4.0253);
insert into compass_mt.lever_transition_probabilities values(4,103,103,-4.0253);
insert into compass_mt.lever_transition_probabilities values(4,103,100,-4.0253);
insert into compass_mt.lever_transition_probabilities values(4,136,99,-4.0253);
insert into compass_mt.lever_transition_probabilities values(4,103,106,-4.0253);
insert into compass_mt.lever_transition_probabilities values(4,123,103,-3.3322);
insert into compass_mt.lever_transition_probabilities values(4,123,100,-3.3322);
insert into compass_mt.lever_transition_probabilities values(4,112,112,-4.0253);
insert into compass_mt.lever_transition_probabilities values(4,123,102,-4.0253);
insert into compass_mt.lever_transition_probabilities values(4,112,110,-3.3322);
insert into compass_mt.lever_transition_probabilities values(4,123,106,-4.0253);
insert into compass_mt.lever_transition_probabilities values(4,122,123,-4.0253);
insert into compass_mt.lever_transition_probabilities values(4,122,122,-4.0253);
insert into compass_mt.lever_transition_probabilities values(4,110,106,-3.3322);
insert into compass_mt.lever_transition_probabilities values(4,110,100,-4.0253);
insert into compass_mt.lever_transition_probabilities values(4,110,102,-4.0253);
insert into compass_mt.lever_transition_probabilities values(4,110,103,-4.0253);
insert into compass_mt.lever_transition_probabilities values(4,122,99,-4.0253);
insert into compass_mt.lever_transition_probabilities values(4,99,110,-4.0253);
insert into compass_mt.lever_transition_probabilities values(4,99,112,-4.0253);
insert into compass_mt.lever_transition_probabilities values(4,100,106,-4.0253);
insert into compass_mt.lever_transition_probabilities values(4,100,103,-4.0253);
insert into compass_mt.lever_transition_probabilities values(4,100,102,-4.0253);
insert into compass_mt.lever_transition_probabilities values(4,100,100,-4.0253);
insert into compass_mt.lever_transition_probabilities values(4,102,99,-4.0253);
insert into compass_mt.lever_transition_probabilities values(4,106,123,-4.0253);
insert into compass_mt.lever_transition_probabilities values(4,106,122,-4.0253);
insert into compass_mt.lever_transition_probabilities values(4,102,97,-4.0253);
insert into compass_mt.lever_transition_probabilities values(4,136,100,-4.0253);
insert into compass_mt.lever_transition_probabilities values(4,136,102,-2.9957);
insert into compass_mt.lever_transition_probabilities values(4,136,103,-3.3322);
insert into compass_mt.lever_transition_probabilities values(4,136,106,-4.0253);
insert into compass_mt.lever_transition_probabilities values(4,122,112,-2.9957);
insert into compass_mt.lever_transition_probabilities values(4,122,110,-0.2688);
insert into compass_mt.lever_transition_probabilities values(4,112,122,-4.0253);
insert into compass_mt.lever_transition_probabilities values(4,112,123,-4.0253);
insert into compass_mt.lever_transition_probabilities values(4,106,99,-4.0253);
insert into compass_mt.lever_transition_probabilities values(4,122,97,-3.3322);
insert into compass_mt.lever_transition_probabilities values(4,106,97,-4.0253);
insert into compass_mt.lever_transition_probabilities values(4,106,110,-4.0253);
insert into compass_mt.lever_transition_probabilities values(4,106,112,-4.0253);
insert into compass_mt.lever_transition_probabilities values(4,97,122,-4.0253);
insert into compass_mt.lever_transition_probabilities values(4,97,123,-4.0253);
insert into compass_mt.lever_transition_probabilities values(4,122,106,-4.0253);
insert into compass_mt.lever_transition_probabilities values(4,122,103,-4.0253);
insert into compass_mt.lever_transition_probabilities values(4,122,102,-1.8061);
insert into compass_mt.lever_transition_probabilities values(4,122,100,-4.0253);
insert into compass_mt.lever_transition_probabilities values(4,102,100,-4.0253);
insert into compass_mt.lever_transition_probabilities values(4,102,103,-4.0253);
insert into compass_mt.lever_transition_probabilities values(4,102,102,-4.0253);
insert into compass_mt.lever_transition_probabilities values(4,102,106,-4.0253);
insert into compass_mt.lever_transition_probabilities values(4,112,136,-4.0253);
insert into compass_mt.lever_transition_probabilities values(4,103,112,-4.0253);
insert into compass_mt.lever_transition_probabilities values(4,103,110,-3.3322);
insert into compass_mt.lever_transition_probabilities values(4,97,136,-4.0253);
insert into compass_mt.lever_transition_probabilities values(4,103,136,-4.0253);
insert into compass_mt.lever_transition_probabilities values(4,97,112,-4.0253);
insert into compass_mt.lever_transition_probabilities values(4,97,110,-4.0253);
insert into compass_mt.lever_transition_probabilities values(4,99,136,-4.0253);
insert into compass_mt.lever_transition_probabilities values(4,103,97,-4.0253);
insert into compass_mt.lever_transition_probabilities values(4,103,99,-4.0253);
insert into compass_mt.lever_transition_probabilities values(4,110,99,-4.0253);
insert into compass_mt.lever_transition_probabilities values(4,110,97,-4.0253);
insert into compass_mt.lever_transition_probabilities values(4,103,122,-2.9957);
insert into compass_mt.lever_transition_probabilities values(4,103,123,-4.0253);
insert into compass_mt.lever_transition_probabilities values(4,123,136,-3.3322);
insert into compass_mt.lever_transition_probabilities values(4,110,136,-2.9957);
insert into compass_mt.lever_transition_probabilities values(4,106,136,-4.0253);
insert into compass_mt.lever_transition_probabilities values(4,97,102,-3.3322);
insert into compass_mt.lever_transition_probabilities values(4,97,103,-4.0253);
insert into compass_mt.lever_transition_probabilities values(4,97,100,-4.0253);
insert into compass_mt.lever_transition_probabilities values(4,97,106,-4.0253);
insert into compass_mt.lever_transition_probabilities values(4,110,110,-4.0253);
insert into compass_mt.lever_transition_probabilities values(4,110,112,-2.9957);
insert into compass_mt.lever_transition_probabilities values(4,136,122,-2.9957);
insert into compass_mt.lever_transition_probabilities values(4,102,123,-2.5437);
insert into compass_mt.lever_transition_probabilities values(4,102,122,-2.1084);
insert into compass_mt.lever_transition_probabilities values(4,136,136,-4.0253);
insert into compass_mt.lever_transition_probabilities values(4,123,97,-4.0253);
insert into compass_mt.lever_transition_probabilities values(4,123,99,-4.0253);
insert into compass_mt.lever_transition_probabilities values(4,110,122,-0.3877);
insert into compass_mt.lever_transition_probabilities values(4,110,123,-4.0253);
insert into compass_mt.lever_transition_probabilities values(4,136,97,-4.0253);
insert into compass_mt.lever_transition_probabilities values(4,97,99,-4.0253);
insert into compass_mt.lever_transition_probabilities values(4,102,110,-4.0253);
insert into compass_mt.lever_transition_probabilities values(4,102,112,-2.9957);
insert into compass_mt.lever_transition_probabilities values(4,99,99,-4.0253);
insert into compass_mt.lever_transition_probabilities values(4,100,99,-4.0253);
insert into compass_mt.lever_transition_probabilities values(4,123,110,-4.0253);
insert into compass_mt.lever_transition_probabilities values(4,123,112,-4.0253);
insert into compass_mt.lever_transition_probabilities values(4,100,97,-4.0253);
insert into compass_mt.lever_transition_probabilities values(4,106,106,-4.0253);
insert into compass_mt.lever_transition_probabilities values(4,100,136,-4.0253);
insert into compass_mt.lever_transition_probabilities values(4,99,97,-4.0253);
insert into compass_mt.lever_transition_probabilities values(4,123,123,-4.0253);
insert into compass_mt.lever_transition_probabilities values(4,99,100,-3.3322);
insert into compass_mt.lever_transition_probabilities values(4,99,102,-4.0253);
insert into compass_mt.lever_transition_probabilities values(4,99,103,-4.0253);
insert into compass_mt.lever_transition_probabilities values(4,99,106,-4.0253);
insert into compass_mt.lever_transition_probabilities values(4,112,97,-4.0253);
insert into compass_mt.lever_transition_probabilities values(4,123,122,-4.0253);
insert into compass_mt.lever_transition_probabilities values(4,136,110,-2.1084);
insert into compass_mt.lever_transition_probabilities values(4,136,112,-4.0253);
insert into compass_mt.lever_transition_probabilities values(4,112,99,-4.0253);
insert into compass_mt.lever_transition_probabilities values(5,100,123,-4.6913);
insert into compass_mt.lever_transition_probabilities values(5,100,122,-4.6913);
insert into compass_mt.lever_transition_probabilities values(5,97,97,-5.3844);
insert into compass_mt.lever_transition_probabilities values(5,106,100,-5.3844);
insert into compass_mt.lever_transition_probabilities values(5,106,103,-4.6913);
insert into compass_mt.lever_transition_probabilities values(5,106,102,-3.9028);
insert into compass_mt.lever_transition_probabilities values(5,112,106,-4.6913);
insert into compass_mt.lever_transition_probabilities values(5,112,102,-1.3955);
insert into compass_mt.lever_transition_probabilities values(5,112,103,-3.3563);
insert into compass_mt.lever_transition_probabilities values(5,112,100,-4.6913);
insert into compass_mt.lever_transition_probabilities values(5,122,136,-5.3844);
insert into compass_mt.lever_transition_probabilities values(5,102,136,-1.2968);
insert into compass_mt.lever_transition_probabilities values(5,136,123,-3.7358);
insert into compass_mt.lever_transition_probabilities values(5,100,112,-4.6913);
insert into compass_mt.lever_transition_probabilities values(5,100,110,-5.3844);
insert into compass_mt.lever_transition_probabilities values(5,99,122,-5.3844);
insert into compass_mt.lever_transition_probabilities values(5,99,123,-4.6913);
insert into compass_mt.lever_transition_probabilities values(5,103,102,-2.0960);
insert into compass_mt.lever_transition_probabilities values(5,103,103,-5.3844);
insert into compass_mt.lever_transition_probabilities values(5,103,100,-4.6913);
insert into compass_mt.lever_transition_probabilities values(5,136,99,-3.0819);
insert into compass_mt.lever_transition_probabilities values(5,103,106,-3.5927);
insert into compass_mt.lever_transition_probabilities values(5,123,103,-5.3844);
insert into compass_mt.lever_transition_probabilities values(5,123,100,-4.6913);
insert into compass_mt.lever_transition_probabilities values(5,112,112,-5.3844);
insert into compass_mt.lever_transition_probabilities values(5,123,102,-2.4506);
insert into compass_mt.lever_transition_probabilities values(5,112,110,-5.3844);
insert into compass_mt.lever_transition_probabilities values(5,123,106,-5.3844);
insert into compass_mt.lever_transition_probabilities values(5,122,123,-5.3844);
insert into compass_mt.lever_transition_probabilities values(5,122,122,-5.3844);
insert into compass_mt.lever_transition_probabilities values(5,110,106,-5.3844);
insert into compass_mt.lever_transition_probabilities values(5,110,100,-5.3844);
insert into compass_mt.lever_transition_probabilities values(5,110,102,-3.4675);
insert into compass_mt.lever_transition_probabilities values(5,110,103,-5.3844);
insert into compass_mt.lever_transition_probabilities values(5,122,99,-5.3844);
insert into compass_mt.lever_transition_probabilities values(5,99,110,-5.3844);
insert into compass_mt.lever_transition_probabilities values(5,99,112,-4.6913);
insert into compass_mt.lever_transition_probabilities values(5,100,106,-5.3844);
insert into compass_mt.lever_transition_probabilities values(5,100,103,-5.3844);
insert into compass_mt.lever_transition_probabilities values(5,100,102,-2.6898);
insert into compass_mt.lever_transition_probabilities values(5,100,100,-5.3844);
insert into compass_mt.lever_transition_probabilities values(5,102,99,-3.7358);
insert into compass_mt.lever_transition_probabilities values(5,106,123,-5.3844);
insert into compass_mt.lever_transition_probabilities values(5,106,122,-5.3844);
insert into compass_mt.lever_transition_probabilities values(5,102,97,-1.8581);
insert into compass_mt.lever_transition_probabilities values(5,136,100,-3.2562);
insert into compass_mt.lever_transition_probabilities values(5,136,102,-1.4724);
insert into compass_mt.lever_transition_probabilities values(5,136,103,-3.4675);
insert into compass_mt.lever_transition_probabilities values(5,136,106,-5.3844);
insert into compass_mt.lever_transition_probabilities values(5,122,112,-5.3844);
insert into compass_mt.lever_transition_probabilities values(5,122,110,-3.9028);
insert into compass_mt.lever_transition_probabilities values(5,112,122,-3.9028);
insert into compass_mt.lever_transition_probabilities values(5,112,123,-3.9028);
insert into compass_mt.lever_transition_probabilities values(5,106,99,-4.6913);
insert into compass_mt.lever_transition_probabilities values(5,122,97,-5.3844);
insert into compass_mt.lever_transition_probabilities values(5,106,97,-5.3844);
insert into compass_mt.lever_transition_probabilities values(5,106,110,-5.3844);
insert into compass_mt.lever_transition_probabilities values(5,106,112,-3.7358);
insert into compass_mt.lever_transition_probabilities values(5,97,122,-5.3844);
insert into compass_mt.lever_transition_probabilities values(5,97,123,-5.3844);
insert into compass_mt.lever_transition_probabilities values(5,122,106,-5.3844);
insert into compass_mt.lever_transition_probabilities values(5,122,103,-5.3844);
insert into compass_mt.lever_transition_probabilities values(5,122,102,-3.2562);
insert into compass_mt.lever_transition_probabilities values(5,122,100,-4.6913);
insert into compass_mt.lever_transition_probabilities values(5,102,100,-2.4941);
insert into compass_mt.lever_transition_probabilities values(5,102,103,-1.8348);
insert into compass_mt.lever_transition_probabilities values(5,102,102,-5.3844);
insert into compass_mt.lever_transition_probabilities values(5,102,106,-2.7454);
insert into compass_mt.lever_transition_probabilities values(5,112,136,-2.8042);
insert into compass_mt.lever_transition_probabilities values(5,103,112,-4.3548);
insert into compass_mt.lever_transition_probabilities values(5,103,110,-5.3844);
insert into compass_mt.lever_transition_probabilities values(5,97,136,-3.3563);
insert into compass_mt.lever_transition_probabilities values(5,103,136,-3.4675);
insert into compass_mt.lever_transition_probabilities values(5,97,112,-3.3563);
insert into compass_mt.lever_transition_probabilities values(5,97,110,-5.3844);
insert into compass_mt.lever_transition_probabilities values(5,99,136,-5.3844);
insert into compass_mt.lever_transition_probabilities values(5,103,97,-4.6913);
insert into compass_mt.lever_transition_probabilities values(5,103,99,-5.3844);
insert into compass_mt.lever_transition_probabilities values(5,110,99,-5.3844);
insert into compass_mt.lever_transition_probabilities values(5,110,97,-5.3844);
insert into compass_mt.lever_transition_probabilities values(5,103,122,-5.3844);
insert into compass_mt.lever_transition_probabilities values(5,103,123,-3.3563);
insert into compass_mt.lever_transition_probabilities values(5,123,136,-4.6913);
insert into compass_mt.lever_transition_probabilities values(5,110,136,-5.3844);
insert into compass_mt.lever_transition_probabilities values(5,106,136,-5.3844);
insert into compass_mt.lever_transition_probabilities values(5,97,102,-1.9832);
insert into compass_mt.lever_transition_probabilities values(5,97,103,-4.6913);
insert into compass_mt.lever_transition_probabilities values(5,97,100,-4.3548);
insert into compass_mt.lever_transition_probabilities values(5,97,106,-5.3844);
insert into compass_mt.lever_transition_probabilities values(5,110,110,-5.3844);
insert into compass_mt.lever_transition_probabilities values(5,110,112,-4.6913);
insert into compass_mt.lever_transition_probabilities values(5,136,122,-4.6913);
insert into compass_mt.lever_transition_probabilities values(5,102,123,-2.5872);
insert into compass_mt.lever_transition_probabilities values(5,102,122,-3.0049);
insert into compass_mt.lever_transition_probabilities values(5,136,136,-5.3844);
insert into compass_mt.lever_transition_probabilities values(5,123,97,-4.6913);
insert into compass_mt.lever_transition_probabilities values(5,123,99,-3.9028);
insert into compass_mt.lever_transition_probabilities values(5,110,122,-5.3844);
insert into compass_mt.lever_transition_probabilities values(5,110,123,-5.3844);
insert into compass_mt.lever_transition_probabilities values(5,136,97,-3.9028);
insert into compass_mt.lever_transition_probabilities values(5,97,99,-5.3844);
insert into compass_mt.lever_transition_probabilities values(5,102,110,-4.6913);
insert into compass_mt.lever_transition_probabilities values(5,102,112,-1.4255);
insert into compass_mt.lever_transition_probabilities values(5,99,99,-5.3844);
insert into compass_mt.lever_transition_probabilities values(5,100,99,-5.3844);
insert into compass_mt.lever_transition_probabilities values(5,123,110,-5.3844);
insert into compass_mt.lever_transition_probabilities values(5,123,112,-3.7358);
insert into compass_mt.lever_transition_probabilities values(5,100,97,-5.3844);
insert into compass_mt.lever_transition_probabilities values(5,106,106,-5.3844);
insert into compass_mt.lever_transition_probabilities values(5,100,136,-3.1652);
insert into compass_mt.lever_transition_probabilities values(5,99,97,-5.3844);
insert into compass_mt.lever_transition_probabilities values(5,123,123,-5.3844);
insert into compass_mt.lever_transition_probabilities values(5,99,100,-4.3548);
insert into compass_mt.lever_transition_probabilities values(5,99,102,-2.3304);
insert into compass_mt.lever_transition_probabilities values(5,99,103,-3.9028);
insert into compass_mt.lever_transition_probabilities values(5,99,106,-5.3844);
insert into compass_mt.lever_transition_probabilities values(5,112,97,-3.9028);
insert into compass_mt.lever_transition_probabilities values(5,123,122,-5.3844);
insert into compass_mt.lever_transition_probabilities values(5,136,110,-5.3844);
insert into compass_mt.lever_transition_probabilities values(5,136,112,-2.4506);
insert into compass_mt.lever_transition_probabilities values(5,112,99,-3.1652);
insert into compass_mt.lever_transition_probabilities values(6,100,123,-4.0943);
insert into compass_mt.lever_transition_probabilities values(6,100,122,-4.7874);
insert into compass_mt.lever_transition_probabilities values(6,97,97,-4.7874);
insert into compass_mt.lever_transition_probabilities values(6,106,100,-4.7874);
insert into compass_mt.lever_transition_probabilities values(6,106,103,-3.3058);
insert into compass_mt.lever_transition_probabilities values(6,106,102,-3.3058);
insert into compass_mt.lever_transition_probabilities values(6,112,106,-2.8705);
insert into compass_mt.lever_transition_probabilities values(6,112,102,-2.2072);
insert into compass_mt.lever_transition_probabilities values(6,112,103,-3.3058);
insert into compass_mt.lever_transition_probabilities values(6,112,100,-3.3058);
insert into compass_mt.lever_transition_probabilities values(6,122,136,-4.0943);
insert into compass_mt.lever_transition_probabilities values(6,102,136,-1.0124);
insert into compass_mt.lever_transition_probabilities values(6,136,123,-2.1484);
insert into compass_mt.lever_transition_probabilities values(6,100,112,-4.0943);
insert into compass_mt.lever_transition_probabilities values(6,100,110,-4.0943);
insert into compass_mt.lever_transition_probabilities values(6,99,122,-4.7874);
insert into compass_mt.lever_transition_probabilities values(6,99,123,-2.6592);
insert into compass_mt.lever_transition_probabilities values(6,103,102,-3.7578);
insert into compass_mt.lever_transition_probabilities values(6,103,103,-4.7874);
insert into compass_mt.lever_transition_probabilities values(6,103,100,-4.7874);
insert into compass_mt.lever_transition_probabilities values(6,136,99,-1.7334);
insert into compass_mt.lever_transition_probabilities values(6,103,106,-3.3058);
insert into compass_mt.lever_transition_probabilities values(6,123,103,-3.7578);
insert into compass_mt.lever_transition_probabilities values(6,123,100,-3.1388);
insert into compass_mt.lever_transition_probabilities values(6,112,112,-4.7874);
insert into compass_mt.lever_transition_probabilities values(6,123,102,-4.0943);
insert into compass_mt.lever_transition_probabilities values(6,112,110,-4.7874);
insert into compass_mt.lever_transition_probabilities values(6,123,106,-4.7874);
insert into compass_mt.lever_transition_probabilities values(6,122,123,-4.7874);
insert into compass_mt.lever_transition_probabilities values(6,122,122,-4.7874);
insert into compass_mt.lever_transition_probabilities values(6,110,106,-4.7874);
insert into compass_mt.lever_transition_probabilities values(6,110,100,-4.7874);
insert into compass_mt.lever_transition_probabilities values(6,110,102,-4.7874);
insert into compass_mt.lever_transition_probabilities values(6,110,103,-4.7874);
insert into compass_mt.lever_transition_probabilities values(6,122,99,-4.7874);
insert into compass_mt.lever_transition_probabilities values(6,99,110,-4.7874);
insert into compass_mt.lever_transition_probabilities values(6,99,112,-4.7874);
insert into compass_mt.lever_transition_probabilities values(6,100,106,-4.7874);
insert into compass_mt.lever_transition_probabilities values(6,100,103,-4.0943);
insert into compass_mt.lever_transition_probabilities values(6,100,102,-4.0943);
insert into compass_mt.lever_transition_probabilities values(6,100,100,-4.7874);
insert into compass_mt.lever_transition_probabilities values(6,102,99,-4.0943);
insert into compass_mt.lever_transition_probabilities values(6,106,123,-4.7874);
insert into compass_mt.lever_transition_probabilities values(6,106,122,-4.0943);
insert into compass_mt.lever_transition_probabilities values(6,102,97,-2.8705);
insert into compass_mt.lever_transition_probabilities values(6,136,100,-1.9425);
insert into compass_mt.lever_transition_probabilities values(6,136,102,-1.0124);
insert into compass_mt.lever_transition_probabilities values(6,136,103,-2.2697);
insert into compass_mt.lever_transition_probabilities values(6,136,106,-1.8971);
insert into compass_mt.lever_transition_probabilities values(6,122,112,-4.7874);
insert into compass_mt.lever_transition_probabilities values(6,122,110,-3.3058);
insert into compass_mt.lever_transition_probabilities values(6,112,122,-4.0943);
insert into compass_mt.lever_transition_probabilities values(6,112,123,-4.0943);
insert into compass_mt.lever_transition_probabilities values(6,106,99,-4.7874);
insert into compass_mt.lever_transition_probabilities values(6,122,97,-4.7874);
insert into compass_mt.lever_transition_probabilities values(6,106,97,-4.7874);
insert into compass_mt.lever_transition_probabilities values(6,106,110,-4.7874);
insert into compass_mt.lever_transition_probabilities values(6,106,112,-2.4079);
insert into compass_mt.lever_transition_probabilities values(6,97,122,-4.7874);
insert into compass_mt.lever_transition_probabilities values(6,97,123,-2.6592);
insert into compass_mt.lever_transition_probabilities values(6,122,106,-4.7874);
insert into compass_mt.lever_transition_probabilities values(6,122,103,-4.7874);
insert into compass_mt.lever_transition_probabilities values(6,122,102,-4.0943);
insert into compass_mt.lever_transition_probabilities values(6,122,100,-4.7874);
insert into compass_mt.lever_transition_probabilities values(6,102,100,-2.7593);
insert into compass_mt.lever_transition_probabilities values(6,102,103,-3.3058);
insert into compass_mt.lever_transition_probabilities values(6,102,102,-4.7874);
insert into compass_mt.lever_transition_probabilities values(6,102,106,-4.0943);
insert into compass_mt.lever_transition_probabilities values(6,112,136,-1.1499);
insert into compass_mt.lever_transition_probabilities values(6,103,112,-2.5682);
insert into compass_mt.lever_transition_probabilities values(6,103,110,-4.7874);
insert into compass_mt.lever_transition_probabilities values(6,97,136,-1.3343);
insert into compass_mt.lever_transition_probabilities values(6,103,136,-2.3364);
insert into compass_mt.lever_transition_probabilities values(6,97,112,-2.0402);
insert into compass_mt.lever_transition_probabilities values(6,97,110,-4.7874);
insert into compass_mt.lever_transition_probabilities values(6,99,136,-2.0402);
insert into compass_mt.lever_transition_probabilities values(6,103,97,-4.7874);
insert into compass_mt.lever_transition_probabilities values(6,103,99,-3.3058);
insert into compass_mt.lever_transition_probabilities values(6,110,99,-4.7874);
insert into compass_mt.lever_transition_probabilities values(6,110,97,-4.7874);
insert into compass_mt.lever_transition_probabilities values(6,103,122,-4.7874);
insert into compass_mt.lever_transition_probabilities values(6,103,123,-3.3058);
insert into compass_mt.lever_transition_probabilities values(6,123,136,-2.3364);
insert into compass_mt.lever_transition_probabilities values(6,110,136,-2.7593);
insert into compass_mt.lever_transition_probabilities values(6,106,136,-2.4849);
insert into compass_mt.lever_transition_probabilities values(6,97,102,-3.3058);
insert into compass_mt.lever_transition_probabilities values(6,97,103,-3.3058);
insert into compass_mt.lever_transition_probabilities values(6,97,100,-4.0943);
insert into compass_mt.lever_transition_probabilities values(6,97,106,-4.7874);
insert into compass_mt.lever_transition_probabilities values(6,110,110,-4.7874);
insert into compass_mt.lever_transition_probabilities values(6,110,112,-4.7874);
insert into compass_mt.lever_transition_probabilities values(6,136,122,-4.0943);
insert into compass_mt.lever_transition_probabilities values(6,102,123,-4.0943);
insert into compass_mt.lever_transition_probabilities values(6,102,122,-4.0943);
insert into compass_mt.lever_transition_probabilities values(6,136,136,-4.7874);
insert into compass_mt.lever_transition_probabilities values(6,123,97,-2.8705);
insert into compass_mt.lever_transition_probabilities values(6,123,99,-3.7578);
insert into compass_mt.lever_transition_probabilities values(6,110,122,-4.7874);
insert into compass_mt.lever_transition_probabilities values(6,110,123,-4.7874);
insert into compass_mt.lever_transition_probabilities values(6,136,97,-1.1290);
insert into compass_mt.lever_transition_probabilities values(6,97,99,-3.7578);
insert into compass_mt.lever_transition_probabilities values(6,102,110,-4.7874);
insert into compass_mt.lever_transition_probabilities values(6,102,112,-2.1484);
insert into compass_mt.lever_transition_probabilities values(6,99,99,-4.7874);
insert into compass_mt.lever_transition_probabilities values(6,100,99,-2.8705);
insert into compass_mt.lever_transition_probabilities values(6,123,110,-4.7874);
insert into compass_mt.lever_transition_probabilities values(6,123,112,-3.3058);
insert into compass_mt.lever_transition_probabilities values(6,100,97,-4.0943);
insert into compass_mt.lever_transition_probabilities values(6,106,106,-4.7874);
insert into compass_mt.lever_transition_probabilities values(6,100,136,-1.8536);
insert into compass_mt.lever_transition_probabilities values(6,99,97,-4.0943);
insert into compass_mt.lever_transition_probabilities values(6,123,123,-4.7874);
insert into compass_mt.lever_transition_probabilities values(6,99,100,-4.0943);
insert into compass_mt.lever_transition_probabilities values(6,99,102,-4.0943);
insert into compass_mt.lever_transition_probabilities values(6,99,103,-3.3058);
insert into compass_mt.lever_transition_probabilities values(6,99,106,-4.7874);
insert into compass_mt.lever_transition_probabilities values(6,112,97,-1.7334);
insert into compass_mt.lever_transition_probabilities values(6,123,122,-4.7874);
insert into compass_mt.lever_transition_probabilities values(6,136,110,-4.7874);
insert into compass_mt.lever_transition_probabilities values(6,136,112,-1.4411);
insert into compass_mt.lever_transition_probabilities values(6,112,99,-3.7578);
insert into compass_mt.lever_transition_probabilities values(7,100,123,-3.4657);
insert into compass_mt.lever_transition_probabilities values(7,100,122,-4.1588);
insert into compass_mt.lever_transition_probabilities values(7,97,97,-4.1588);
insert into compass_mt.lever_transition_probabilities values(7,106,100,-4.1588);
insert into compass_mt.lever_transition_probabilities values(7,106,103,-4.1588);
insert into compass_mt.lever_transition_probabilities values(7,106,102,-4.1588);
insert into compass_mt.lever_transition_probabilities values(7,112,106,-4.1588);
insert into compass_mt.lever_transition_probabilities values(7,112,102,-4.1588);
insert into compass_mt.lever_transition_probabilities values(7,112,103,-3.4657);
insert into compass_mt.lever_transition_probabilities values(7,112,100,-3.1292);
insert into compass_mt.lever_transition_probabilities values(7,122,136,-4.1588);
insert into compass_mt.lever_transition_probabilities values(7,102,136,-2.6772);
insert into compass_mt.lever_transition_probabilities values(7,136,123,-4.1588);
insert into compass_mt.lever_transition_probabilities values(7,100,112,-4.1588);
insert into compass_mt.lever_transition_probabilities values(7,100,110,-3.4657);
insert into compass_mt.lever_transition_probabilities values(7,99,122,-4.1588);
insert into compass_mt.lever_transition_probabilities values(7,99,123,-3.1292);
insert into compass_mt.lever_transition_probabilities values(7,103,102,-2.2419);
insert into compass_mt.lever_transition_probabilities values(7,103,103,-4.1588);
insert into compass_mt.lever_transition_probabilities values(7,103,100,-4.1588);
insert into compass_mt.lever_transition_probabilities values(7,136,99,-4.1588);
insert into compass_mt.lever_transition_probabilities values(7,103,106,-3.4657);
insert into compass_mt.lever_transition_probabilities values(7,123,103,-3.1292);
insert into compass_mt.lever_transition_probabilities values(7,123,100,-4.1588);
insert into compass_mt.lever_transition_probabilities values(7,112,112,-4.1588);
insert into compass_mt.lever_transition_probabilities values(7,123,102,-2.6772);
insert into compass_mt.lever_transition_probabilities values(7,112,110,-4.1588);
insert into compass_mt.lever_transition_probabilities values(7,123,106,-4.1588);
insert into compass_mt.lever_transition_probabilities values(7,122,123,-4.1588);
insert into compass_mt.lever_transition_probabilities values(7,122,122,-4.1588);
insert into compass_mt.lever_transition_probabilities values(7,110,106,-4.1588);
insert into compass_mt.lever_transition_probabilities values(7,110,100,-4.1588);
insert into compass_mt.lever_transition_probabilities values(7,110,102,-4.1588);
insert into compass_mt.lever_transition_probabilities values(7,110,103,-4.1588);
insert into compass_mt.lever_transition_probabilities values(7,122,99,-4.1588);
insert into compass_mt.lever_transition_probabilities values(7,99,110,-4.1588);
insert into compass_mt.lever_transition_probabilities values(7,99,112,-4.1588);
insert into compass_mt.lever_transition_probabilities values(7,100,106,-4.1588);
insert into compass_mt.lever_transition_probabilities values(7,100,103,-3.4657);
insert into compass_mt.lever_transition_probabilities values(7,100,102,-4.1588);
insert into compass_mt.lever_transition_probabilities values(7,100,100,-4.1588);
insert into compass_mt.lever_transition_probabilities values(7,102,99,-4.1588);
insert into compass_mt.lever_transition_probabilities values(7,106,123,-4.1588);
insert into compass_mt.lever_transition_probabilities values(7,106,122,-4.1588);
insert into compass_mt.lever_transition_probabilities values(7,102,97,-2.5102);
insert into compass_mt.lever_transition_probabilities values(7,136,100,-3.1292);
insert into compass_mt.lever_transition_probabilities values(7,136,102,-4.1588);
insert into compass_mt.lever_transition_probabilities values(7,136,103,-3.4657);
insert into compass_mt.lever_transition_probabilities values(7,136,106,-4.1588);
insert into compass_mt.lever_transition_probabilities values(7,122,112,-4.1588);
insert into compass_mt.lever_transition_probabilities values(7,122,110,-4.1588);
insert into compass_mt.lever_transition_probabilities values(7,112,122,-4.1588);
insert into compass_mt.lever_transition_probabilities values(7,112,123,-3.4657);
insert into compass_mt.lever_transition_probabilities values(7,106,99,-4.1588);
insert into compass_mt.lever_transition_probabilities values(7,122,97,-4.1588);
insert into compass_mt.lever_transition_probabilities values(7,106,97,-3.4657);
insert into compass_mt.lever_transition_probabilities values(7,106,110,-4.1588);
insert into compass_mt.lever_transition_probabilities values(7,106,112,-4.1588);
insert into compass_mt.lever_transition_probabilities values(7,97,122,-4.1588);
insert into compass_mt.lever_transition_probabilities values(7,97,123,-2.1307);
insert into compass_mt.lever_transition_probabilities values(7,122,106,-4.1588);
insert into compass_mt.lever_transition_probabilities values(7,122,103,-4.1588);
insert into compass_mt.lever_transition_probabilities values(7,122,102,-4.1588);
insert into compass_mt.lever_transition_probabilities values(7,122,100,-4.1588);
insert into compass_mt.lever_transition_probabilities values(7,102,100,-2.5102);
insert into compass_mt.lever_transition_probabilities values(7,102,103,-3.1292);
insert into compass_mt.lever_transition_probabilities values(7,102,102,-4.1588);
insert into compass_mt.lever_transition_probabilities values(7,102,106,-4.1588);
insert into compass_mt.lever_transition_probabilities values(7,112,136,-4.1588);
insert into compass_mt.lever_transition_probabilities values(7,103,112,-4.1588);
insert into compass_mt.lever_transition_probabilities values(7,103,110,-4.1588);
insert into compass_mt.lever_transition_probabilities values(7,97,136,-2.1307);
insert into compass_mt.lever_transition_probabilities values(7,103,136,-3.4657);
insert into compass_mt.lever_transition_probabilities values(7,97,112,-2.1307);
insert into compass_mt.lever_transition_probabilities values(7,97,110,-4.1588);
insert into compass_mt.lever_transition_probabilities values(7,99,136,-4.1588);
insert into compass_mt.lever_transition_probabilities values(7,103,97,-2.0306);
insert into compass_mt.lever_transition_probabilities values(7,103,99,-4.1588);
insert into compass_mt.lever_transition_probabilities values(7,110,99,-4.1588);
insert into compass_mt.lever_transition_probabilities values(7,110,97,-3.4657);
insert into compass_mt.lever_transition_probabilities values(7,103,122,-4.1588);
insert into compass_mt.lever_transition_probabilities values(7,103,123,-4.1588);
insert into compass_mt.lever_transition_probabilities values(7,123,136,-4.1588);
insert into compass_mt.lever_transition_probabilities values(7,110,136,-4.1588);
insert into compass_mt.lever_transition_probabilities values(7,106,136,-3.4657);
insert into compass_mt.lever_transition_probabilities values(7,97,102,-2.5102);
insert into compass_mt.lever_transition_probabilities values(7,97,103,-2.6772);
insert into compass_mt.lever_transition_probabilities values(7,97,100,-2.5102);
insert into compass_mt.lever_transition_probabilities values(7,97,106,-3.1292);
insert into compass_mt.lever_transition_probabilities values(7,110,110,-4.1588);
insert into compass_mt.lever_transition_probabilities values(7,110,112,-4.1588);
insert into compass_mt.lever_transition_probabilities values(7,136,122,-4.1588);
insert into compass_mt.lever_transition_probabilities values(7,102,123,-4.1588);
insert into compass_mt.lever_transition_probabilities values(7,102,122,-4.1588);
insert into compass_mt.lever_transition_probabilities values(7,136,136,-4.1588);
insert into compass_mt.lever_transition_probabilities values(7,123,97,-3.1292);
insert into compass_mt.lever_transition_probabilities values(7,123,99,-4.1588);
insert into compass_mt.lever_transition_probabilities values(7,110,122,-4.1588);
insert into compass_mt.lever_transition_probabilities values(7,110,123,-4.1588);
insert into compass_mt.lever_transition_probabilities values(7,136,97,-1.5786);
insert into compass_mt.lever_transition_probabilities values(7,97,99,-2.0306);
insert into compass_mt.lever_transition_probabilities values(7,102,110,-4.1588);
insert into compass_mt.lever_transition_probabilities values(7,102,112,-3.4657);
insert into compass_mt.lever_transition_probabilities values(7,99,99,-4.1588);
insert into compass_mt.lever_transition_probabilities values(7,100,99,-4.1588);
insert into compass_mt.lever_transition_probabilities values(7,123,110,-4.1588);
insert into compass_mt.lever_transition_probabilities values(7,123,112,-4.1588);
insert into compass_mt.lever_transition_probabilities values(7,100,97,-3.1292);
insert into compass_mt.lever_transition_probabilities values(7,106,106,-4.1588);
insert into compass_mt.lever_transition_probabilities values(7,100,136,-4.1588);
insert into compass_mt.lever_transition_probabilities values(7,99,97,-3.1292);
insert into compass_mt.lever_transition_probabilities values(7,123,123,-4.1588);
insert into compass_mt.lever_transition_probabilities values(7,99,100,-4.1588);
insert into compass_mt.lever_transition_probabilities values(7,99,102,-4.1588);
insert into compass_mt.lever_transition_probabilities values(7,99,103,-3.1292);
insert into compass_mt.lever_transition_probabilities values(7,99,106,-4.1588);
insert into compass_mt.lever_transition_probabilities values(7,112,97,-2.1307);
insert into compass_mt.lever_transition_probabilities values(7,123,122,-4.1588);
insert into compass_mt.lever_transition_probabilities values(7,136,110,-4.1588);
insert into compass_mt.lever_transition_probabilities values(7,136,112,-2.5102);
insert into compass_mt.lever_transition_probabilities values(7,112,99,-4.1588);
insert into compass_mt.lever_transition_probabilities values(8,100,123,-4.6821);
insert into compass_mt.lever_transition_probabilities values(8,100,122,-4.3456);
insert into compass_mt.lever_transition_probabilities values(8,97,97,-5.3752);
insert into compass_mt.lever_transition_probabilities values(8,106,100,-5.3752);
insert into compass_mt.lever_transition_probabilities values(8,106,103,-3.8936);
insert into compass_mt.lever_transition_probabilities values(8,106,102,-3.0726);
insert into compass_mt.lever_transition_probabilities values(8,112,106,-2.6280);
insert into compass_mt.lever_transition_probabilities values(8,112,102,-0.9783);
insert into compass_mt.lever_transition_probabilities values(8,112,103,-2.0574);
insert into compass_mt.lever_transition_probabilities values(8,112,100,-2.9242);
insert into compass_mt.lever_transition_probabilities values(8,122,136,-4.6821);
insert into compass_mt.lever_transition_probabilities values(8,102,136,-1.7589);
insert into compass_mt.lever_transition_probabilities values(8,136,123,-2.9242);
insert into compass_mt.lever_transition_probabilities values(8,100,112,-2.9957);
insert into compass_mt.lever_transition_probabilities values(8,100,110,-5.3752);
insert into compass_mt.lever_transition_probabilities values(8,99,122,-4.3456);
insert into compass_mt.lever_transition_probabilities values(8,99,123,-3.5835);
insert into compass_mt.lever_transition_probabilities values(8,103,102,-2.6806);
insert into compass_mt.lever_transition_probabilities values(8,103,103,-5.3752);
insert into compass_mt.lever_transition_probabilities values(8,103,100,-4.6821);
insert into compass_mt.lever_transition_probabilities values(8,136,99,-2.0868);
insert into compass_mt.lever_transition_probabilities values(8,103,106,-3.8936);
insert into compass_mt.lever_transition_probabilities values(8,123,103,-5.3752);
insert into compass_mt.lever_transition_probabilities values(8,123,100,-3.3471);
insert into compass_mt.lever_transition_probabilities values(8,112,112,-5.3752);
insert into compass_mt.lever_transition_probabilities values(8,123,102,-4.6821);
insert into compass_mt.lever_transition_probabilities values(8,112,110,-3.8936);
insert into compass_mt.lever_transition_probabilities values(8,123,106,-5.3752);
insert into compass_mt.lever_transition_probabilities values(8,122,123,-5.3752);
insert into compass_mt.lever_transition_probabilities values(8,122,122,-5.3752);
insert into compass_mt.lever_transition_probabilities values(8,110,106,-5.3752);
insert into compass_mt.lever_transition_probabilities values(8,110,100,-4.6821);
insert into compass_mt.lever_transition_probabilities values(8,110,102,-3.8936);
insert into compass_mt.lever_transition_probabilities values(8,110,103,-5.3752);
insert into compass_mt.lever_transition_probabilities values(8,122,99,-4.6821);
insert into compass_mt.lever_transition_probabilities values(8,99,110,-5.3752);
insert into compass_mt.lever_transition_probabilities values(8,99,112,-2.4849);
insert into compass_mt.lever_transition_probabilities values(8,100,106,-4.6821);
insert into compass_mt.lever_transition_probabilities values(8,100,103,-5.3752);
insert into compass_mt.lever_transition_probabilities values(8,100,102,-2.5303);
insert into compass_mt.lever_transition_probabilities values(8,100,100,-5.3752);
insert into compass_mt.lever_transition_probabilities values(8,102,99,-3.8936);
insert into compass_mt.lever_transition_probabilities values(8,106,123,-5.3752);
insert into compass_mt.lever_transition_probabilities values(8,106,122,-5.3752);
insert into compass_mt.lever_transition_probabilities values(8,102,97,-2.5303);
insert into compass_mt.lever_transition_probabilities values(8,136,100,-2.5779);
insert into compass_mt.lever_transition_probabilities values(8,136,102,-1.7376);
insert into compass_mt.lever_transition_probabilities values(8,136,103,-2.6806);
insert into compass_mt.lever_transition_probabilities values(8,136,106,-4.6821);
insert into compass_mt.lever_transition_probabilities values(8,122,112,-3.7266);
insert into compass_mt.lever_transition_probabilities values(8,122,110,-2.6280);
insert into compass_mt.lever_transition_probabilities values(8,112,122,-4.6821);
insert into compass_mt.lever_transition_probabilities values(8,112,123,-4.3456);
insert into compass_mt.lever_transition_probabilities values(8,106,99,-5.3752);
insert into compass_mt.lever_transition_probabilities values(8,122,97,-5.3752);
insert into compass_mt.lever_transition_probabilities values(8,106,97,-5.3752);
insert into compass_mt.lever_transition_probabilities values(8,106,110,-5.3752);
insert into compass_mt.lever_transition_probabilities values(8,106,112,-3.0726);
insert into compass_mt.lever_transition_probabilities values(8,97,122,-4.6821);
insert into compass_mt.lever_transition_probabilities values(8,97,123,-3.7266);
insert into compass_mt.lever_transition_probabilities values(8,122,106,-5.3752);
insert into compass_mt.lever_transition_probabilities values(8,122,103,-5.3752);
insert into compass_mt.lever_transition_probabilities values(8,122,102,-5.3752);
insert into compass_mt.lever_transition_probabilities values(8,122,100,-5.3752);
insert into compass_mt.lever_transition_probabilities values(8,102,100,-3.2470);
insert into compass_mt.lever_transition_probabilities values(8,102,103,-3.4583);
insert into compass_mt.lever_transition_probabilities values(8,102,102,-5.3752);
insert into compass_mt.lever_transition_probabilities values(8,102,106,-3.3471);
insert into compass_mt.lever_transition_probabilities values(8,112,136,-0.7118);
insert into compass_mt.lever_transition_probabilities values(8,103,112,-2.2842);
insert into compass_mt.lever_transition_probabilities values(8,103,110,-5.3752);
insert into compass_mt.lever_transition_probabilities values(8,97,136,-2.3212);
insert into compass_mt.lever_transition_probabilities values(8,103,136,-3.0726);
insert into compass_mt.lever_transition_probabilities values(8,97,112,-1.3287);
insert into compass_mt.lever_transition_probabilities values(8,97,110,-5.3752);
insert into compass_mt.lever_transition_probabilities values(8,99,136,-2.3212);
insert into compass_mt.lever_transition_probabilities values(8,103,97,-3.7266);
insert into compass_mt.lever_transition_probabilities values(8,103,99,-4.6821);
insert into compass_mt.lever_transition_probabilities values(8,110,99,-5.3752);
insert into compass_mt.lever_transition_probabilities values(8,110,97,-3.8936);
insert into compass_mt.lever_transition_probabilities values(8,103,122,-3.7266);
insert into compass_mt.lever_transition_probabilities values(8,103,123,-4.6821);
insert into compass_mt.lever_transition_probabilities values(8,123,136,-2.9242);
insert into compass_mt.lever_transition_probabilities values(8,110,136,-4.6821);
insert into compass_mt.lever_transition_probabilities values(8,106,136,-3.4583);
insert into compass_mt.lever_transition_probabilities values(8,97,102,-2.3997);
insert into compass_mt.lever_transition_probabilities values(8,97,103,-5.3752);
insert into compass_mt.lever_transition_probabilities values(8,97,100,-3.8936);
insert into compass_mt.lever_transition_probabilities values(8,97,106,-4.6821);
insert into compass_mt.lever_transition_probabilities values(8,110,110,-5.3752);
insert into compass_mt.lever_transition_probabilities values(8,110,112,-3.2470);
insert into compass_mt.lever_transition_probabilities values(8,136,122,-3.5835);
insert into compass_mt.lever_transition_probabilities values(8,102,123,-3.3471);
insert into compass_mt.lever_transition_probabilities values(8,102,122,-3.4583);
insert into compass_mt.lever_transition_probabilities values(8,136,136,-5.3752);
insert into compass_mt.lever_transition_probabilities values(8,123,97,-4.6821);
insert into compass_mt.lever_transition_probabilities values(8,123,99,-4.6821);
insert into compass_mt.lever_transition_probabilities values(8,110,122,-3.4583);
insert into compass_mt.lever_transition_probabilities values(8,110,123,-5.3752);
insert into compass_mt.lever_transition_probabilities values(8,136,97,-1.8727);
insert into compass_mt.lever_transition_probabilities values(8,97,99,-3.8936);
insert into compass_mt.lever_transition_probabilities values(8,102,110,-5.3752);
insert into compass_mt.lever_transition_probabilities values(8,102,112,-0.8491);
insert into compass_mt.lever_transition_probabilities values(8,99,99,-5.3752);
insert into compass_mt.lever_transition_probabilities values(8,100,99,-3.7266);
insert into compass_mt.lever_transition_probabilities values(8,123,110,-4.6821);
insert into compass_mt.lever_transition_probabilities values(8,123,112,-4.6821);
insert into compass_mt.lever_transition_probabilities values(8,100,97,-3.0726);
insert into compass_mt.lever_transition_probabilities values(8,106,106,-5.3752);
insert into compass_mt.lever_transition_probabilities values(8,100,136,-3.1560);
insert into compass_mt.lever_transition_probabilities values(8,99,97,-4.3456);
insert into compass_mt.lever_transition_probabilities values(8,123,123,-5.3752);
insert into compass_mt.lever_transition_probabilities values(8,99,100,-3.3471);
insert into compass_mt.lever_transition_probabilities values(8,99,102,-4.6821);
insert into compass_mt.lever_transition_probabilities values(8,99,103,-3.4583);
insert into compass_mt.lever_transition_probabilities values(8,99,106,-4.3456);
insert into compass_mt.lever_transition_probabilities values(8,112,97,-1.6002);
insert into compass_mt.lever_transition_probabilities values(8,123,122,-5.3752);
insert into compass_mt.lever_transition_probabilities values(8,136,110,-5.3752);
insert into compass_mt.lever_transition_probabilities values(8,136,112,-1.0930);
insert into compass_mt.lever_transition_probabilities values(8,112,99,-2.5303);
insert into compass_mt.lever_transition_probabilities values(9,100,123,-3.2377);
insert into compass_mt.lever_transition_probabilities values(9,100,122,-3.4490);
insert into compass_mt.lever_transition_probabilities values(9,97,97,-5.3659);
insert into compass_mt.lever_transition_probabilities values(9,106,100,-3.3378);
insert into compass_mt.lever_transition_probabilities values(9,106,103,-2.9149);
insert into compass_mt.lever_transition_probabilities values(9,106,102,-2.9864);
insert into compass_mt.lever_transition_probabilities values(9,112,106,-3.1467);
insert into compass_mt.lever_transition_probabilities values(9,112,102,-1.2918);
insert into compass_mt.lever_transition_probabilities values(9,112,103,-1.7075);
insert into compass_mt.lever_transition_probabilities values(9,112,100,-3.0633);
insert into compass_mt.lever_transition_probabilities values(9,122,136,-2.2749);
insert into compass_mt.lever_transition_probabilities values(9,102,136,-1.5031);
insert into compass_mt.lever_transition_probabilities values(9,136,123,-2.2392);
insert into compass_mt.lever_transition_probabilities values(9,100,112,-2.7269);
insert into compass_mt.lever_transition_probabilities values(9,100,110,-2.7857);
insert into compass_mt.lever_transition_probabilities values(9,99,122,-4.6728);
insert into compass_mt.lever_transition_probabilities values(9,99,123,-2.0775);
insert into compass_mt.lever_transition_probabilities values(9,103,102,-1.8878);
insert into compass_mt.lever_transition_probabilities values(9,103,103,-5.3659);
insert into compass_mt.lever_transition_probabilities values(9,103,100,-3.4490);
insert into compass_mt.lever_transition_probabilities values(9,136,99,-2.5210);
insert into compass_mt.lever_transition_probabilities values(9,103,106,-2.2749);
insert into compass_mt.lever_transition_probabilities values(9,123,103,-3.4490);
insert into compass_mt.lever_transition_probabilities values(9,123,100,-2.8482);
insert into compass_mt.lever_transition_probabilities values(9,112,112,-5.3659);
insert into compass_mt.lever_transition_probabilities values(9,123,102,-3.3378);
insert into compass_mt.lever_transition_probabilities values(9,112,110,-3.7173);
insert into compass_mt.lever_transition_probabilities values(9,123,106,-5.3659);
insert into compass_mt.lever_transition_probabilities values(9,122,123,-4.3363);
insert into compass_mt.lever_transition_probabilities values(9,122,122,-5.3659);
insert into compass_mt.lever_transition_probabilities values(9,110,106,-5.3659);
insert into compass_mt.lever_transition_probabilities values(9,110,100,-2.8482);
insert into compass_mt.lever_transition_probabilities values(9,110,102,-3.8843);
insert into compass_mt.lever_transition_probabilities values(9,110,103,-3.1467);
insert into compass_mt.lever_transition_probabilities values(9,122,99,-3.4490);
insert into compass_mt.lever_transition_probabilities values(9,99,110,-3.8843);
insert into compass_mt.lever_transition_probabilities values(9,99,112,-2.4321);
insert into compass_mt.lever_transition_probabilities values(9,100,106,-3.0633);
insert into compass_mt.lever_transition_probabilities values(9,100,103,-3.7173);
insert into compass_mt.lever_transition_probabilities values(9,100,102,-1.9384);
insert into compass_mt.lever_transition_probabilities values(9,100,100,-5.3659);
insert into compass_mt.lever_transition_probabilities values(9,102,99,-2.4756);
insert into compass_mt.lever_transition_probabilities values(9,106,123,-4.6728);
insert into compass_mt.lever_transition_probabilities values(9,106,122,-5.3659);
insert into compass_mt.lever_transition_probabilities values(9,102,97,-2.1713);
insert into compass_mt.lever_transition_probabilities values(9,136,100,-1.7496);
insert into compass_mt.lever_transition_probabilities values(9,136,102,-1.2388);
insert into compass_mt.lever_transition_probabilities values(9,136,103,-1.7283);
insert into compass_mt.lever_transition_probabilities values(9,136,106,-2.6187);
insert into compass_mt.lever_transition_probabilities values(9,122,112,-3.4490);
insert into compass_mt.lever_transition_probabilities values(9,122,110,-2.2749);
insert into compass_mt.lever_transition_probabilities values(9,112,122,-2.9149);
insert into compass_mt.lever_transition_probabilities values(9,112,123,-3.4490);
insert into compass_mt.lever_transition_probabilities values(9,106,99,-3.0633);
insert into compass_mt.lever_transition_probabilities values(9,122,97,-5.3659);
insert into compass_mt.lever_transition_probabilities values(9,106,97,-3.2377);
insert into compass_mt.lever_transition_probabilities values(9,106,110,-4.6728);
insert into compass_mt.lever_transition_probabilities values(9,106,112,-3.4490);
insert into compass_mt.lever_transition_probabilities values(9,97,122,-3.8843);
insert into compass_mt.lever_transition_probabilities values(9,97,123,-2.3119);
insert into compass_mt.lever_transition_probabilities values(9,122,106,-5.3659);
insert into compass_mt.lever_transition_probabilities values(9,122,103,-5.3659);
insert into compass_mt.lever_transition_probabilities values(9,122,102,-3.3378);
insert into compass_mt.lever_transition_probabilities values(9,122,100,-3.4490);
insert into compass_mt.lever_transition_probabilities values(9,102,100,-2.3504);
insert into compass_mt.lever_transition_probabilities values(9,102,103,-1.9128);
insert into compass_mt.lever_transition_probabilities values(9,102,102,-5.3659);
insert into compass_mt.lever_transition_probabilities values(9,102,106,-2.3119);
insert into compass_mt.lever_transition_probabilities values(9,112,136,-1.3622);
insert into compass_mt.lever_transition_probabilities values(9,103,112,-2.4321);
insert into compass_mt.lever_transition_probabilities values(9,103,110,-3.1467);
insert into compass_mt.lever_transition_probabilities values(9,97,136,-1.6475);
insert into compass_mt.lever_transition_probabilities values(9,103,136,-1.9918);
insert into compass_mt.lever_transition_probabilities values(9,97,112,-1.7936);
insert into compass_mt.lever_transition_probabilities values(9,97,110,-4.6728);
insert into compass_mt.lever_transition_probabilities values(9,99,136,-2.7269);
insert into compass_mt.lever_transition_probabilities values(9,103,97,-3.1467);
insert into compass_mt.lever_transition_probabilities values(9,103,99,-1.7936);
insert into compass_mt.lever_transition_probabilities values(9,110,99,-4.6728);
insert into compass_mt.lever_transition_probabilities values(9,110,97,-4.6728);
insert into compass_mt.lever_transition_probabilities values(9,103,122,-4.6728);
insert into compass_mt.lever_transition_probabilities values(9,103,123,-3.8843);
insert into compass_mt.lever_transition_probabilities values(9,123,136,-2.9149);
insert into compass_mt.lever_transition_probabilities values(9,110,136,-2.6713);
insert into compass_mt.lever_transition_probabilities values(9,106,136,-2.6713);
insert into compass_mt.lever_transition_probabilities values(9,97,102,-2.0195);
insert into compass_mt.lever_transition_probabilities values(9,97,103,-3.4490);
insert into compass_mt.lever_transition_probabilities values(9,97,100,-2.5686);
insert into compass_mt.lever_transition_probabilities values(9,97,106,-3.7173);
insert into compass_mt.lever_transition_probabilities values(9,110,110,-5.3659);
insert into compass_mt.lever_transition_probabilities values(9,110,112,-3.4490);
insert into compass_mt.lever_transition_probabilities values(9,136,122,-3.3378);
insert into compass_mt.lever_transition_probabilities values(9,102,123,-2.3904);
insert into compass_mt.lever_transition_probabilities values(9,102,122,-3.8843);
insert into compass_mt.lever_transition_probabilities values(9,136,136,-5.3659);
insert into compass_mt.lever_transition_probabilities values(9,123,97,-3.1467);
insert into compass_mt.lever_transition_probabilities values(9,123,99,-2.0195);
insert into compass_mt.lever_transition_probabilities values(9,110,122,-2.6713);
insert into compass_mt.lever_transition_probabilities values(9,110,123,-4.6728);
insert into compass_mt.lever_transition_probabilities values(9,136,97,-1.7283);
insert into compass_mt.lever_transition_probabilities values(9,97,99,-2.3504);
insert into compass_mt.lever_transition_probabilities values(9,102,110,-4.6728);
insert into compass_mt.lever_transition_probabilities values(9,102,112,-1.1406);
insert into compass_mt.lever_transition_probabilities values(9,99,99,-5.3659);
insert into compass_mt.lever_transition_probabilities values(9,100,99,-2.7269);
insert into compass_mt.lever_transition_probabilities values(9,123,110,-4.6728);
insert into compass_mt.lever_transition_probabilities values(9,123,112,-3.8843);
insert into compass_mt.lever_transition_probabilities values(9,100,97,-2.2392);
insert into compass_mt.lever_transition_probabilities values(9,106,106,-5.3659);
insert into compass_mt.lever_transition_probabilities values(9,100,136,-2.1713);
insert into compass_mt.lever_transition_probabilities values(9,99,97,-2.1713);
insert into compass_mt.lever_transition_probabilities values(9,123,123,-5.3659);
insert into compass_mt.lever_transition_probabilities values(9,99,100,-2.2047);
insert into compass_mt.lever_transition_probabilities values(9,99,102,-2.7857);
insert into compass_mt.lever_transition_probabilities values(9,99,103,-2.2749);
insert into compass_mt.lever_transition_probabilities values(9,99,106,-3.5742);
insert into compass_mt.lever_transition_probabilities values(9,112,97,-1.5373);
insert into compass_mt.lever_transition_probabilities values(9,123,122,-5.3659);
insert into compass_mt.lever_transition_probabilities values(9,136,110,-2.6713);
insert into compass_mt.lever_transition_probabilities values(9,136,112,-1.3055);
insert into compass_mt.lever_transition_probabilities values(9,112,99,-2.7269);
