insert into compass_mt.wheel_transition_probabilities values(0,100,123,-7.1944);
insert into compass_mt.wheel_transition_probabilities values(0,100,122,-4.1789);
insert into compass_mt.wheel_transition_probabilities values(0,97,97,-7.1944);
insert into compass_mt.wheel_transition_probabilities values(0,106,100,-7.1944);
insert into compass_mt.wheel_transition_probabilities values(0,106,103,-3.9675);
insert into compass_mt.wheel_transition_probabilities values(0,106,102,-3.8766);
insert into compass_mt.wheel_transition_probabilities values(0,112,106,-3.3485);
insert into compass_mt.wheel_transition_probabilities values(0,112,102,-1.5108);
insert into compass_mt.wheel_transition_probabilities values(0,112,103,-2.3392);
insert into compass_mt.wheel_transition_probabilities values(0,112,100,-3.7162);
insert into compass_mt.wheel_transition_probabilities values(0,122,136,-4.0676);
insert into compass_mt.wheel_transition_probabilities values(0,102,136,-3.0418);
insert into compass_mt.wheel_transition_probabilities values(0,136,123,-3.4011);
insert into compass_mt.wheel_transition_probabilities values(0,100,112,-3.4567);
insert into compass_mt.wheel_transition_probabilities values(0,100,110,-4.0676);
insert into compass_mt.wheel_transition_probabilities values(0,99,122,-7.1944);
insert into compass_mt.wheel_transition_probabilities values(0,99,123,-4.0676);
insert into compass_mt.wheel_transition_probabilities values(0,103,102,-3.5781);
insert into compass_mt.wheel_transition_probabilities values(0,103,103,-7.1944);
insert into compass_mt.wheel_transition_probabilities values(0,103,100,-7.1944);
insert into compass_mt.wheel_transition_probabilities values(0,136,99,-3.1202);
insert into compass_mt.wheel_transition_probabilities values(0,103,106,-5.4026);
insert into compass_mt.wheel_transition_probabilities values(0,123,103,-5.4026);
insert into compass_mt.wheel_transition_probabilities values(0,123,100,-3.0418);
insert into compass_mt.wheel_transition_probabilities values(0,112,112,-7.1944);
insert into compass_mt.wheel_transition_probabilities values(0,123,102,-3.7932);
insert into compass_mt.wheel_transition_probabilities values(0,112,110,-5.0662);
insert into compass_mt.wheel_transition_probabilities values(0,123,106,-5.4026);
insert into compass_mt.wheel_transition_probabilities values(0,122,123,-5.4026);
insert into compass_mt.wheel_transition_probabilities values(0,122,122,-7.1944);
insert into compass_mt.wheel_transition_probabilities values(0,110,106,-7.1944);
insert into compass_mt.wheel_transition_probabilities values(0,110,100,-4.3040);
insert into compass_mt.wheel_transition_probabilities values(0,110,102,-7.1944);
insert into compass_mt.wheel_transition_probabilities values(0,110,103,-7.1944);
insert into compass_mt.wheel_transition_probabilities values(0,122,99,-7.1944);
insert into compass_mt.wheel_transition_probabilities values(0,99,110,-7.1944);
insert into compass_mt.wheel_transition_probabilities values(0,99,112,-2.0633);
insert into compass_mt.wheel_transition_probabilities values(0,100,106,-7.1944);
insert into compass_mt.wheel_transition_probabilities values(0,100,103,-7.1944);
insert into compass_mt.wheel_transition_probabilities values(0,100,102,-3.8766);
insert into compass_mt.wheel_transition_probabilities values(0,100,100,-7.1944);
insert into compass_mt.wheel_transition_probabilities values(0,102,99,-3.2985);
insert into compass_mt.wheel_transition_probabilities values(0,106,123,-7.1944);
insert into compass_mt.wheel_transition_probabilities values(0,106,122,-5.4026);
insert into compass_mt.wheel_transition_probabilities values(0,102,97,-3.7162);
insert into compass_mt.wheel_transition_probabilities values(0,136,100,-3.1202);
insert into compass_mt.wheel_transition_probabilities values(0,136,102,-3.0802);
insert into compass_mt.wheel_transition_probabilities values(0,136,103,-3.5156);
insert into compass_mt.wheel_transition_probabilities values(0,136,106,-4.0676);
insert into compass_mt.wheel_transition_probabilities values(0,122,112,-3.9675);
insert into compass_mt.wheel_transition_probabilities values(0,122,110,-4.6142);
insert into compass_mt.wheel_transition_probabilities values(0,112,122,-4.6142);
insert into compass_mt.wheel_transition_probabilities values(0,112,123,-2.9012);
insert into compass_mt.wheel_transition_probabilities values(0,106,99,-7.1944);
insert into compass_mt.wheel_transition_probabilities values(0,122,97,-5.4026);
insert into compass_mt.wheel_transition_probabilities values(0,106,97,-7.1944);
insert into compass_mt.wheel_transition_probabilities values(0,106,110,-7.1944);
insert into compass_mt.wheel_transition_probabilities values(0,106,112,-5.0662);
insert into compass_mt.wheel_transition_probabilities values(0,97,122,-7.1944);
insert into compass_mt.wheel_transition_probabilities values(0,97,123,-3.4011);
insert into compass_mt.wheel_transition_probabilities values(0,122,106,-7.1944);
insert into compass_mt.wheel_transition_probabilities values(0,122,103,-7.1944);
insert into compass_mt.wheel_transition_probabilities values(0,122,102,-7.1944);
insert into compass_mt.wheel_transition_probabilities values(0,122,100,-4.6142);
insert into compass_mt.wheel_transition_probabilities values(0,102,100,-3.7932);
insert into compass_mt.wheel_transition_probabilities values(0,102,103,-3.0047);
insert into compass_mt.wheel_transition_probabilities values(0,102,102,-7.1944);
insert into compass_mt.wheel_transition_probabilities values(0,102,106,-4.3040);
insert into compass_mt.wheel_transition_probabilities values(0,112,136,-1.5960);
insert into compass_mt.wheel_transition_probabilities values(0,103,112,-2.9690);
insert into compass_mt.wheel_transition_probabilities values(0,103,110,-5.0662);
insert into compass_mt.wheel_transition_probabilities values(0,97,136,-2.9690);
insert into compass_mt.wheel_transition_probabilities values(0,103,136,-2.9012);
insert into compass_mt.wheel_transition_probabilities values(0,97,112,-2.3025);
insert into compass_mt.wheel_transition_probabilities values(0,97,110,-7.1944);
insert into compass_mt.wheel_transition_probabilities values(0,99,136,-2.6426);
insert into compass_mt.wheel_transition_probabilities values(0,103,97,-7.1944);
insert into compass_mt.wheel_transition_probabilities values(0,103,99,-3.3485);
insert into compass_mt.wheel_transition_probabilities values(0,110,99,-7.1944);
insert into compass_mt.wheel_transition_probabilities values(0,110,97,-5.4026);
insert into compass_mt.wheel_transition_probabilities values(0,103,122,-7.1944);
insert into compass_mt.wheel_transition_probabilities values(0,103,123,-4.6142);
insert into compass_mt.wheel_transition_probabilities values(0,123,136,-3.5156);
insert into compass_mt.wheel_transition_probabilities values(0,110,136,-5.4026);
insert into compass_mt.wheel_transition_probabilities values(0,106,136,-4.6142);
insert into compass_mt.wheel_transition_probabilities values(0,97,102,-3.7162);
insert into compass_mt.wheel_transition_probabilities values(0,97,103,-4.6142);
insert into compass_mt.wheel_transition_probabilities values(0,97,100,-4.4471);
insert into compass_mt.wheel_transition_probabilities values(0,97,106,-7.1944);
insert into compass_mt.wheel_transition_probabilities values(0,110,110,-7.1944);
insert into compass_mt.wheel_transition_probabilities values(0,110,112,-7.1944);
insert into compass_mt.wheel_transition_probabilities values(0,136,122,-4.4471);
insert into compass_mt.wheel_transition_probabilities values(0,102,123,-4.6142);
insert into compass_mt.wheel_transition_probabilities values(0,102,122,-4.0676);
insert into compass_mt.wheel_transition_probabilities values(0,136,136,-7.1944);
insert into compass_mt.wheel_transition_probabilities values(0,123,97,-4.0676);
insert into compass_mt.wheel_transition_probabilities values(0,123,99,-3.8766);
insert into compass_mt.wheel_transition_probabilities values(0,110,122,-3.6448);
insert into compass_mt.wheel_transition_probabilities values(0,110,123,-5.4026);
insert into compass_mt.wheel_transition_probabilities values(0,136,97,-3.0047);
insert into compass_mt.wheel_transition_probabilities values(0,97,99,-3.2985);
insert into compass_mt.wheel_transition_probabilities values(0,102,110,-5.4026);
insert into compass_mt.wheel_transition_probabilities values(0,102,112,-1.5871);
insert into compass_mt.wheel_transition_probabilities values(0,99,99,-7.1944);
insert into compass_mt.wheel_transition_probabilities values(0,100,99,-7.1944);
insert into compass_mt.wheel_transition_probabilities values(0,123,110,-7.1944);
insert into compass_mt.wheel_transition_probabilities values(0,123,112,-3.4011);
insert into compass_mt.wheel_transition_probabilities values(0,100,97,-5.0662);
insert into compass_mt.wheel_transition_probabilities values(0,106,106,-7.1944);
insert into compass_mt.wheel_transition_probabilities values(0,100,136,-4.3040);
insert into compass_mt.wheel_transition_probabilities values(0,99,97,-4.3040);
insert into compass_mt.wheel_transition_probabilities values(0,123,123,-7.1944);
insert into compass_mt.wheel_transition_probabilities values(0,99,100,-4.1789);
insert into compass_mt.wheel_transition_probabilities values(0,99,102,-3.1619);
insert into compass_mt.wheel_transition_probabilities values(0,99,103,-3.6448);
insert into compass_mt.wheel_transition_probabilities values(0,99,106,-7.1944);
insert into compass_mt.wheel_transition_probabilities values(0,112,97,-1.7391);
insert into compass_mt.wheel_transition_probabilities values(0,123,122,-4.4471);
insert into compass_mt.wheel_transition_probabilities values(0,136,110,-4.6142);
insert into compass_mt.wheel_transition_probabilities values(0,136,112,-1.7917);
insert into compass_mt.wheel_transition_probabilities values(0,112,99,-1.7810);
insert into compass_mt.wheel_transition_probabilities values(1,100,123,-4.5643);
insert into compass_mt.wheel_transition_probabilities values(1,100,122,-4.5643);
insert into compass_mt.wheel_transition_probabilities values(1,97,97,-4.5643);
insert into compass_mt.wheel_transition_probabilities values(1,106,100,-4.5643);
insert into compass_mt.wheel_transition_probabilities values(1,106,103,-2.7725);
insert into compass_mt.wheel_transition_probabilities values(1,106,102,-2.7725);
insert into compass_mt.wheel_transition_probabilities values(1,112,106,-2.7725);
insert into compass_mt.wheel_transition_probabilities values(1,112,102,-1.9841);
insert into compass_mt.wheel_transition_probabilities values(1,112,103,-1.8170);
insert into compass_mt.wheel_transition_probabilities values(1,112,100,-4.5643);
insert into compass_mt.wheel_transition_probabilities values(1,122,136,-4.5643);
insert into compass_mt.wheel_transition_probabilities values(1,102,136,-4.5643);
insert into compass_mt.wheel_transition_probabilities values(1,136,123,-2.7725);
insert into compass_mt.wheel_transition_probabilities values(1,100,112,-4.5643);
insert into compass_mt.wheel_transition_probabilities values(1,100,110,-4.5643);
insert into compass_mt.wheel_transition_probabilities values(1,99,122,-4.5643);
insert into compass_mt.wheel_transition_probabilities values(1,99,123,-2.7725);
insert into compass_mt.wheel_transition_probabilities values(1,103,102,-4.5643);
insert into compass_mt.wheel_transition_probabilities values(1,103,103,-4.5643);
insert into compass_mt.wheel_transition_probabilities values(1,103,100,-4.5643);
insert into compass_mt.wheel_transition_probabilities values(1,136,99,-4.5643);
insert into compass_mt.wheel_transition_probabilities values(1,103,106,-1.5488);
insert into compass_mt.wheel_transition_probabilities values(1,123,103,-4.5643);
insert into compass_mt.wheel_transition_probabilities values(1,123,100,-4.5643);
insert into compass_mt.wheel_transition_probabilities values(1,112,112,-4.5643);
insert into compass_mt.wheel_transition_probabilities values(1,123,102,-4.5643);
insert into compass_mt.wheel_transition_probabilities values(1,112,110,-4.5643);
insert into compass_mt.wheel_transition_probabilities values(1,123,106,-4.5643);
insert into compass_mt.wheel_transition_probabilities values(1,122,123,-4.5643);
insert into compass_mt.wheel_transition_probabilities values(1,122,122,-4.5643);
insert into compass_mt.wheel_transition_probabilities values(1,110,106,-4.5643);
insert into compass_mt.wheel_transition_probabilities values(1,110,100,-4.5643);
insert into compass_mt.wheel_transition_probabilities values(1,110,102,-4.5643);
insert into compass_mt.wheel_transition_probabilities values(1,110,103,-4.5643);
insert into compass_mt.wheel_transition_probabilities values(1,122,99,-4.5643);
insert into compass_mt.wheel_transition_probabilities values(1,99,110,-4.5643);
insert into compass_mt.wheel_transition_probabilities values(1,99,112,-4.5643);
insert into compass_mt.wheel_transition_probabilities values(1,100,106,-4.5643);
insert into compass_mt.wheel_transition_probabilities values(1,100,103,-4.5643);
insert into compass_mt.wheel_transition_probabilities values(1,100,102,-4.5643);
insert into compass_mt.wheel_transition_probabilities values(1,100,100,-4.5643);
insert into compass_mt.wheel_transition_probabilities values(1,102,99,-2.7725);
insert into compass_mt.wheel_transition_probabilities values(1,106,123,-4.5643);
insert into compass_mt.wheel_transition_probabilities values(1,106,122,-4.5643);
insert into compass_mt.wheel_transition_probabilities values(1,102,97,-4.5643);
insert into compass_mt.wheel_transition_probabilities values(1,136,100,-4.5643);
insert into compass_mt.wheel_transition_probabilities values(1,136,102,-4.5643);
insert into compass_mt.wheel_transition_probabilities values(1,136,103,-4.5643);
insert into compass_mt.wheel_transition_probabilities values(1,136,106,-4.5643);
insert into compass_mt.wheel_transition_probabilities values(1,122,112,-4.5643);
insert into compass_mt.wheel_transition_probabilities values(1,122,110,-4.5643);
insert into compass_mt.wheel_transition_probabilities values(1,112,122,-2.4361);
insert into compass_mt.wheel_transition_probabilities values(1,112,123,-4.5643);
insert into compass_mt.wheel_transition_probabilities values(1,106,99,-4.5643);
insert into compass_mt.wheel_transition_probabilities values(1,122,97,-4.5643);
insert into compass_mt.wheel_transition_probabilities values(1,106,97,-4.5643);
insert into compass_mt.wheel_transition_probabilities values(1,106,110,-4.5643);
insert into compass_mt.wheel_transition_probabilities values(1,106,112,-4.5643);
insert into compass_mt.wheel_transition_probabilities values(1,97,122,-4.5643);
insert into compass_mt.wheel_transition_probabilities values(1,97,123,-4.5643);
insert into compass_mt.wheel_transition_probabilities values(1,122,106,-4.5643);
insert into compass_mt.wheel_transition_probabilities values(1,122,103,-4.5643);
insert into compass_mt.wheel_transition_probabilities values(1,122,102,-4.5643);
insert into compass_mt.wheel_transition_probabilities values(1,122,100,-4.5643);
insert into compass_mt.wheel_transition_probabilities values(1,102,100,-4.5643);
insert into compass_mt.wheel_transition_probabilities values(1,102,103,-0.8266);
insert into compass_mt.wheel_transition_probabilities values(1,102,102,-4.5643);
insert into compass_mt.wheel_transition_probabilities values(1,102,106,-4.5643);
insert into compass_mt.wheel_transition_probabilities values(1,112,136,-4.5643);
insert into compass_mt.wheel_transition_probabilities values(1,103,112,-4.5643);
insert into compass_mt.wheel_transition_probabilities values(1,103,110,-2.7725);
insert into compass_mt.wheel_transition_probabilities values(1,97,136,-4.5643);
insert into compass_mt.wheel_transition_probabilities values(1,103,136,-1.8170);
insert into compass_mt.wheel_transition_probabilities values(1,97,112,-4.5643);
insert into compass_mt.wheel_transition_probabilities values(1,97,110,-4.5643);
insert into compass_mt.wheel_transition_probabilities values(1,99,136,-4.5643);
insert into compass_mt.wheel_transition_probabilities values(1,103,97,-4.5643);
insert into compass_mt.wheel_transition_probabilities values(1,103,99,-1.9841);
insert into compass_mt.wheel_transition_probabilities values(1,110,99,-4.5643);
insert into compass_mt.wheel_transition_probabilities values(1,110,97,-4.5643);
insert into compass_mt.wheel_transition_probabilities values(1,103,122,-4.5643);
insert into compass_mt.wheel_transition_probabilities values(1,103,123,-4.5643);
insert into compass_mt.wheel_transition_probabilities values(1,123,136,-1.8170);
insert into compass_mt.wheel_transition_probabilities values(1,110,136,-4.5643);
insert into compass_mt.wheel_transition_probabilities values(1,106,136,-4.5643);
insert into compass_mt.wheel_transition_probabilities values(1,97,102,-4.5643);
insert into compass_mt.wheel_transition_probabilities values(1,97,103,-2.4361);
insert into compass_mt.wheel_transition_probabilities values(1,97,100,-4.5643);
insert into compass_mt.wheel_transition_probabilities values(1,97,106,-4.5643);
insert into compass_mt.wheel_transition_probabilities values(1,110,110,-4.5643);
insert into compass_mt.wheel_transition_probabilities values(1,110,112,-2.7725);
insert into compass_mt.wheel_transition_probabilities values(1,136,122,-4.5643);
insert into compass_mt.wheel_transition_probabilities values(1,102,123,-4.5643);
insert into compass_mt.wheel_transition_probabilities values(1,102,122,-4.5643);
insert into compass_mt.wheel_transition_probabilities values(1,136,136,-4.5643);
insert into compass_mt.wheel_transition_probabilities values(1,123,97,-4.5643);
insert into compass_mt.wheel_transition_probabilities values(1,123,99,-4.5643);
insert into compass_mt.wheel_transition_probabilities values(1,110,122,-4.5643);
insert into compass_mt.wheel_transition_probabilities values(1,110,123,-4.5643);
insert into compass_mt.wheel_transition_probabilities values(1,136,97,-4.5643);
insert into compass_mt.wheel_transition_probabilities values(1,97,99,-4.5643);
insert into compass_mt.wheel_transition_probabilities values(1,102,110,-4.5643);
insert into compass_mt.wheel_transition_probabilities values(1,102,112,-4.5643);
insert into compass_mt.wheel_transition_probabilities values(1,99,99,-4.5643);
insert into compass_mt.wheel_transition_probabilities values(1,100,99,-4.5643);
insert into compass_mt.wheel_transition_probabilities values(1,123,110,-4.5643);
insert into compass_mt.wheel_transition_probabilities values(1,123,112,-4.5643);
insert into compass_mt.wheel_transition_probabilities values(1,100,97,-4.5643);
insert into compass_mt.wheel_transition_probabilities values(1,106,106,-4.5643);
insert into compass_mt.wheel_transition_probabilities values(1,100,136,-4.5643);
insert into compass_mt.wheel_transition_probabilities values(1,99,97,-2.7725);
insert into compass_mt.wheel_transition_probabilities values(1,123,123,-4.5643);
insert into compass_mt.wheel_transition_probabilities values(1,99,100,-4.5643);
insert into compass_mt.wheel_transition_probabilities values(1,99,102,-2.7725);
insert into compass_mt.wheel_transition_probabilities values(1,99,103,-2.4361);
insert into compass_mt.wheel_transition_probabilities values(1,99,106,-4.5643);
insert into compass_mt.wheel_transition_probabilities values(1,112,97,-4.5643);
insert into compass_mt.wheel_transition_probabilities values(1,123,122,-4.5643);
insert into compass_mt.wheel_transition_probabilities values(1,136,110,-4.5643);
insert into compass_mt.wheel_transition_probabilities values(1,136,112,-2.7725);
insert into compass_mt.wheel_transition_probabilities values(1,112,99,-4.5643);
insert into compass_mt.wheel_transition_probabilities values(2,100,123,-4.1588);
insert into compass_mt.wheel_transition_probabilities values(2,100,122,-4.1588);
insert into compass_mt.wheel_transition_probabilities values(2,97,97,-5.9506);
insert into compass_mt.wheel_transition_probabilities values(2,106,100,-5.9506);
insert into compass_mt.wheel_transition_probabilities values(2,106,103,-3.2033);
insert into compass_mt.wheel_transition_probabilities values(2,106,102,-2.9351);
insert into compass_mt.wheel_transition_probabilities values(2,112,106,-4.1588);
insert into compass_mt.wheel_transition_probabilities values(2,112,102,-1.1936);
insert into compass_mt.wheel_transition_probabilities values(2,112,103,-4.1588);
insert into compass_mt.wheel_transition_probabilities values(2,112,100,-5.9506);
insert into compass_mt.wheel_transition_probabilities values(2,122,136,-3.3704);
insert into compass_mt.wheel_transition_probabilities values(2,102,136,-1.1936);
insert into compass_mt.wheel_transition_probabilities values(2,136,123,-2.9351);
insert into compass_mt.wheel_transition_probabilities values(2,100,112,-3.3704);
insert into compass_mt.wheel_transition_probabilities values(2,100,110,-5.9506);
insert into compass_mt.wheel_transition_probabilities values(2,99,122,-5.9506);
insert into compass_mt.wheel_transition_probabilities values(2,99,123,-4.1588);
insert into compass_mt.wheel_transition_probabilities values(2,103,102,-1.8765);
insert into compass_mt.wheel_transition_probabilities values(2,103,103,-5.9506);
insert into compass_mt.wheel_transition_probabilities values(2,103,100,-4.1588);
insert into compass_mt.wheel_transition_probabilities values(2,136,99,-4.1588);
insert into compass_mt.wheel_transition_probabilities values(2,103,106,-5.9506);
insert into compass_mt.wheel_transition_probabilities values(2,123,103,-5.9506);
insert into compass_mt.wheel_transition_probabilities values(2,123,100,-3.3704);
insert into compass_mt.wheel_transition_probabilities values(2,112,112,-5.9506);
insert into compass_mt.wheel_transition_probabilities values(2,123,102,-2.3343);
insert into compass_mt.wheel_transition_probabilities values(2,112,110,-5.9506);
insert into compass_mt.wheel_transition_probabilities values(2,123,106,-5.9506);
insert into compass_mt.wheel_transition_probabilities values(2,122,123,-5.9506);
insert into compass_mt.wheel_transition_probabilities values(2,122,122,-5.9506);
insert into compass_mt.wheel_transition_probabilities values(2,110,106,-5.9506);
insert into compass_mt.wheel_transition_probabilities values(2,110,100,-5.9506);
insert into compass_mt.wheel_transition_probabilities values(2,110,102,-5.9506);
insert into compass_mt.wheel_transition_probabilities values(2,110,103,-5.9506);
insert into compass_mt.wheel_transition_probabilities values(2,122,99,-5.9506);
insert into compass_mt.wheel_transition_probabilities values(2,99,110,-5.9506);
insert into compass_mt.wheel_transition_probabilities values(2,99,112,-5.9506);
insert into compass_mt.wheel_transition_probabilities values(2,100,106,-5.9506);
insert into compass_mt.wheel_transition_probabilities values(2,100,103,-5.9506);
insert into compass_mt.wheel_transition_probabilities values(2,100,102,-2.8238);
insert into compass_mt.wheel_transition_probabilities values(2,100,100,-5.9506);
insert into compass_mt.wheel_transition_probabilities values(2,102,99,-2.2129);
insert into compass_mt.wheel_transition_probabilities values(2,106,123,-5.9506);
insert into compass_mt.wheel_transition_probabilities values(2,106,122,-3.8224);
insert into compass_mt.wheel_transition_probabilities values(2,102,97,-2.8238);
insert into compass_mt.wheel_transition_probabilities values(2,136,100,-2.2718);
insert into compass_mt.wheel_transition_probabilities values(2,136,102,-1.2574);
insert into compass_mt.wheel_transition_probabilities values(2,136,103,-3.3704);
insert into compass_mt.wheel_transition_probabilities values(2,136,106,-4.1588);
insert into compass_mt.wheel_transition_probabilities values(2,122,112,-5.9506);
insert into compass_mt.wheel_transition_probabilities values(2,122,110,-5.9506);
insert into compass_mt.wheel_transition_probabilities values(2,112,122,-5.9506);
insert into compass_mt.wheel_transition_probabilities values(2,112,123,-5.9506);
insert into compass_mt.wheel_transition_probabilities values(2,106,99,-5.9506);
insert into compass_mt.wheel_transition_probabilities values(2,122,97,-3.8224);
insert into compass_mt.wheel_transition_probabilities values(2,106,97,-5.9506);
insert into compass_mt.wheel_transition_probabilities values(2,106,110,-5.9506);
insert into compass_mt.wheel_transition_probabilities values(2,106,112,-5.9506);
insert into compass_mt.wheel_transition_probabilities values(2,97,122,-5.9506);
insert into compass_mt.wheel_transition_probabilities values(2,97,123,-5.9506);
insert into compass_mt.wheel_transition_probabilities values(2,122,106,-5.9506);
insert into compass_mt.wheel_transition_probabilities values(2,122,103,-5.9506);
insert into compass_mt.wheel_transition_probabilities values(2,122,102,-5.9506);
insert into compass_mt.wheel_transition_probabilities values(2,122,100,-5.9506);
insert into compass_mt.wheel_transition_probabilities values(2,102,100,-2.2129);
insert into compass_mt.wheel_transition_probabilities values(2,102,103,-2.2129);
insert into compass_mt.wheel_transition_probabilities values(2,102,102,-5.9506);
insert into compass_mt.wheel_transition_probabilities values(2,102,106,-2.3343);
insert into compass_mt.wheel_transition_probabilities values(2,112,136,-2.2718);
insert into compass_mt.wheel_transition_probabilities values(2,103,112,-4.1588);
insert into compass_mt.wheel_transition_probabilities values(2,103,110,-5.9506);
insert into compass_mt.wheel_transition_probabilities values(2,97,136,-3.3704);
insert into compass_mt.wheel_transition_probabilities values(2,103,136,-4.1588);
insert into compass_mt.wheel_transition_probabilities values(2,97,112,-4.1588);
insert into compass_mt.wheel_transition_probabilities values(2,97,110,-4.1588);
insert into compass_mt.wheel_transition_probabilities values(2,99,136,-3.3704);
insert into compass_mt.wheel_transition_probabilities values(2,103,97,-5.9506);
insert into compass_mt.wheel_transition_probabilities values(2,103,99,-2.9351);
insert into compass_mt.wheel_transition_probabilities values(2,110,99,-5.9506);
insert into compass_mt.wheel_transition_probabilities values(2,110,97,-5.9506);
insert into compass_mt.wheel_transition_probabilities values(2,103,122,-5.9506);
insert into compass_mt.wheel_transition_probabilities values(2,103,123,-5.9506);
insert into compass_mt.wheel_transition_probabilities values(2,123,136,-3.3704);
insert into compass_mt.wheel_transition_probabilities values(2,110,136,-5.9506);
insert into compass_mt.wheel_transition_probabilities values(2,106,136,-4.1588);
insert into compass_mt.wheel_transition_probabilities values(2,97,102,-1.7609);
insert into compass_mt.wheel_transition_probabilities values(2,97,103,-5.9506);
insert into compass_mt.wheel_transition_probabilities values(2,97,100,-4.1588);
insert into compass_mt.wheel_transition_probabilities values(2,97,106,-5.9506);
insert into compass_mt.wheel_transition_probabilities values(2,110,110,-5.9506);
insert into compass_mt.wheel_transition_probabilities values(2,110,112,-5.9506);
insert into compass_mt.wheel_transition_probabilities values(2,136,122,-4.1588);
insert into compass_mt.wheel_transition_probabilities values(2,102,123,-1.9616);
insert into compass_mt.wheel_transition_probabilities values(2,102,122,-5.9506);
insert into compass_mt.wheel_transition_probabilities values(2,136,136,-5.9506);
insert into compass_mt.wheel_transition_probabilities values(2,123,97,-5.9506);
insert into compass_mt.wheel_transition_probabilities values(2,123,99,-3.8224);
insert into compass_mt.wheel_transition_probabilities values(2,110,122,-4.1588);
insert into compass_mt.wheel_transition_probabilities values(2,110,123,-5.9506);
insert into compass_mt.wheel_transition_probabilities values(2,136,97,-2.9351);
insert into compass_mt.wheel_transition_probabilities values(2,97,99,-4.1588);
insert into compass_mt.wheel_transition_probabilities values(2,102,110,-3.0602);
insert into compass_mt.wheel_transition_probabilities values(2,102,112,-1.0587);
insert into compass_mt.wheel_transition_probabilities values(2,99,99,-5.9506);
insert into compass_mt.wheel_transition_probabilities values(2,100,99,-3.8224);
insert into compass_mt.wheel_transition_probabilities values(2,123,110,-5.9506);
insert into compass_mt.wheel_transition_probabilities values(2,123,112,-5.9506);
insert into compass_mt.wheel_transition_probabilities values(2,100,97,-4.1588);
insert into compass_mt.wheel_transition_probabilities values(2,106,106,-5.9506);
insert into compass_mt.wheel_transition_probabilities values(2,100,136,-3.3704);
insert into compass_mt.wheel_transition_probabilities values(2,99,97,-5.9506);
insert into compass_mt.wheel_transition_probabilities values(2,123,123,-5.9506);
insert into compass_mt.wheel_transition_probabilities values(2,99,100,-5.9506);
insert into compass_mt.wheel_transition_probabilities values(2,99,102,-2.3343);
insert into compass_mt.wheel_transition_probabilities values(2,99,103,-3.3704);
insert into compass_mt.wheel_transition_probabilities values(2,99,106,-5.9506);
insert into compass_mt.wheel_transition_probabilities values(2,112,97,-2.6328);
insert into compass_mt.wheel_transition_probabilities values(2,123,122,-5.9506);
insert into compass_mt.wheel_transition_probabilities values(2,136,110,-5.9506);
insert into compass_mt.wheel_transition_probabilities values(2,136,112,-2.5494);
insert into compass_mt.wheel_transition_probabilities values(2,112,99,-4.1588);
insert into compass_mt.wheel_transition_probabilities values(3,100,123,-4.0253);
insert into compass_mt.wheel_transition_probabilities values(3,100,122,-4.0253);
insert into compass_mt.wheel_transition_probabilities values(3,97,97,-5.8171);
insert into compass_mt.wheel_transition_probabilities values(3,106,100,-5.8171);
insert into compass_mt.wheel_transition_probabilities values(3,106,103,-5.8171);
insert into compass_mt.wheel_transition_probabilities values(3,106,102,-5.8171);
insert into compass_mt.wheel_transition_probabilities values(3,112,106,-5.8171);
insert into compass_mt.wheel_transition_probabilities values(3,112,102,-2.8015);
insert into compass_mt.wheel_transition_probabilities values(3,112,103,-3.2368);
insert into compass_mt.wheel_transition_probabilities values(3,112,100,-5.8171);
insert into compass_mt.wheel_transition_probabilities values(3,122,136,-4.0253);
insert into compass_mt.wheel_transition_probabilities values(3,102,136,-2.8015);
insert into compass_mt.wheel_transition_probabilities values(3,136,123,-5.8171);
insert into compass_mt.wheel_transition_probabilities values(3,100,112,-5.8171);
insert into compass_mt.wheel_transition_probabilities values(3,100,110,-5.8171);
insert into compass_mt.wheel_transition_probabilities values(3,99,122,-5.8171);
insert into compass_mt.wheel_transition_probabilities values(3,99,123,-2.6903);
insert into compass_mt.wheel_transition_probabilities values(3,103,102,-3.2368);
insert into compass_mt.wheel_transition_probabilities values(3,103,103,-5.8171);
insert into compass_mt.wheel_transition_probabilities values(3,103,100,-5.8171);
insert into compass_mt.wheel_transition_probabilities values(3,136,99,-1.6274);
insert into compass_mt.wheel_transition_probabilities values(3,103,106,-5.8171);
insert into compass_mt.wheel_transition_probabilities values(3,123,103,-5.8171);
insert into compass_mt.wheel_transition_probabilities values(3,123,100,-4.0253);
insert into compass_mt.wheel_transition_probabilities values(3,112,112,-5.8171);
insert into compass_mt.wheel_transition_probabilities values(3,123,102,-4.0253);
insert into compass_mt.wheel_transition_probabilities values(3,112,110,-5.8171);
insert into compass_mt.wheel_transition_probabilities values(3,123,106,-3.2368);
insert into compass_mt.wheel_transition_probabilities values(3,122,123,-5.8171);
insert into compass_mt.wheel_transition_probabilities values(3,122,122,-5.8171);
insert into compass_mt.wheel_transition_probabilities values(3,110,106,-5.8171);
insert into compass_mt.wheel_transition_probabilities values(3,110,100,-5.8171);
insert into compass_mt.wheel_transition_probabilities values(3,110,102,-5.8171);
insert into compass_mt.wheel_transition_probabilities values(3,110,103,-5.8171);
insert into compass_mt.wheel_transition_probabilities values(3,122,99,-5.8171);
insert into compass_mt.wheel_transition_probabilities values(3,99,110,-4.0253);
insert into compass_mt.wheel_transition_probabilities values(3,99,112,-1.5572);
insert into compass_mt.wheel_transition_probabilities values(3,100,106,-5.8171);
insert into compass_mt.wheel_transition_probabilities values(3,100,103,-4.0253);
insert into compass_mt.wheel_transition_probabilities values(3,100,102,-2.8015);
insert into compass_mt.wheel_transition_probabilities values(3,100,100,-5.8171);
insert into compass_mt.wheel_transition_probabilities values(3,102,99,-1.7846);
insert into compass_mt.wheel_transition_probabilities values(3,106,123,-3.2368);
insert into compass_mt.wheel_transition_probabilities values(3,106,122,-5.8171);
insert into compass_mt.wheel_transition_probabilities values(3,102,97,-1.9712);
insert into compass_mt.wheel_transition_probabilities values(3,136,100,-3.0698);
insert into compass_mt.wheel_transition_probabilities values(3,136,102,-2.2008);
insert into compass_mt.wheel_transition_probabilities values(3,136,103,-5.8171);
insert into compass_mt.wheel_transition_probabilities values(3,136,106,-4.0253);
insert into compass_mt.wheel_transition_probabilities values(3,122,112,-5.8171);
insert into compass_mt.wheel_transition_probabilities values(3,122,110,-5.8171);
insert into compass_mt.wheel_transition_probabilities values(3,112,122,-5.8171);
insert into compass_mt.wheel_transition_probabilities values(3,112,123,-2.0794);
insert into compass_mt.wheel_transition_probabilities values(3,106,99,-3.6888);
insert into compass_mt.wheel_transition_probabilities values(3,122,97,-5.8171);
insert into compass_mt.wheel_transition_probabilities values(3,106,97,-5.8171);
insert into compass_mt.wheel_transition_probabilities values(3,106,110,-5.8171);
insert into compass_mt.wheel_transition_probabilities values(3,106,112,-5.8171);
insert into compass_mt.wheel_transition_probabilities values(3,97,122,-5.8171);
insert into compass_mt.wheel_transition_probabilities values(3,97,123,-5.8171);
insert into compass_mt.wheel_transition_probabilities values(3,122,106,-5.8171);
insert into compass_mt.wheel_transition_probabilities values(3,122,103,-5.8171);
insert into compass_mt.wheel_transition_probabilities values(3,122,102,-5.8171);
insert into compass_mt.wheel_transition_probabilities values(3,122,100,-5.8171);
insert into compass_mt.wheel_transition_probabilities values(3,102,100,-2.6903);
insert into compass_mt.wheel_transition_probabilities values(3,102,103,-4.0253);
insert into compass_mt.wheel_transition_probabilities values(3,102,102,-5.8171);
insert into compass_mt.wheel_transition_probabilities values(3,102,106,-5.8171);
insert into compass_mt.wheel_transition_probabilities values(3,112,136,-2.4992);
insert into compass_mt.wheel_transition_probabilities values(3,103,112,-4.0253);
insert into compass_mt.wheel_transition_probabilities values(3,103,110,-5.8171);
insert into compass_mt.wheel_transition_probabilities values(3,97,136,-4.0253);
insert into compass_mt.wheel_transition_probabilities values(3,103,136,-3.2368);
insert into compass_mt.wheel_transition_probabilities values(3,97,112,-2.8015);
insert into compass_mt.wheel_transition_probabilities values(3,97,110,-5.8171);
insert into compass_mt.wheel_transition_probabilities values(3,99,136,-1.7846);
insert into compass_mt.wheel_transition_probabilities values(3,103,97,-5.8171);
insert into compass_mt.wheel_transition_probabilities values(3,103,99,-2.2008);
insert into compass_mt.wheel_transition_probabilities values(3,110,99,-5.8171);
insert into compass_mt.wheel_transition_probabilities values(3,110,97,-5.8171);
insert into compass_mt.wheel_transition_probabilities values(3,103,122,-5.8171);
insert into compass_mt.wheel_transition_probabilities values(3,103,123,-5.8171);
insert into compass_mt.wheel_transition_probabilities values(3,123,136,-3.0698);
insert into compass_mt.wheel_transition_probabilities values(3,110,136,-5.8171);
insert into compass_mt.wheel_transition_probabilities values(3,106,136,-5.8171);
insert into compass_mt.wheel_transition_probabilities values(3,97,102,-2.1382);
insert into compass_mt.wheel_transition_probabilities values(3,97,103,-4.0253);
insert into compass_mt.wheel_transition_probabilities values(3,97,100,-5.8171);
insert into compass_mt.wheel_transition_probabilities values(3,97,106,-5.8171);
insert into compass_mt.wheel_transition_probabilities values(3,110,110,-5.8171);
insert into compass_mt.wheel_transition_probabilities values(3,110,112,-5.8171);
insert into compass_mt.wheel_transition_probabilities values(3,136,122,-5.8171);
insert into compass_mt.wheel_transition_probabilities values(3,102,123,-3.2368);
insert into compass_mt.wheel_transition_probabilities values(3,102,122,-5.8171);
insert into compass_mt.wheel_transition_probabilities values(3,136,136,-5.8171);
insert into compass_mt.wheel_transition_probabilities values(3,123,97,-3.0698);
insert into compass_mt.wheel_transition_probabilities values(3,123,99,-1.7429);
insert into compass_mt.wheel_transition_probabilities values(3,110,122,-5.8171);
insert into compass_mt.wheel_transition_probabilities values(3,110,123,-3.6888);
insert into compass_mt.wheel_transition_probabilities values(3,136,97,-3.2368);
insert into compass_mt.wheel_transition_probabilities values(3,97,99,-2.1382);
insert into compass_mt.wheel_transition_probabilities values(3,102,110,-5.8171);
insert into compass_mt.wheel_transition_probabilities values(3,102,112,-4.0253);
insert into compass_mt.wheel_transition_probabilities values(3,99,99,-5.8171);
insert into compass_mt.wheel_transition_probabilities values(3,100,99,-3.0698);
insert into compass_mt.wheel_transition_probabilities values(3,123,110,-5.8171);
insert into compass_mt.wheel_transition_probabilities values(3,123,112,-4.0253);
insert into compass_mt.wheel_transition_probabilities values(3,100,97,-3.0698);
insert into compass_mt.wheel_transition_probabilities values(3,106,106,-5.8171);
insert into compass_mt.wheel_transition_probabilities values(3,100,136,-5.8171);
insert into compass_mt.wheel_transition_probabilities values(3,99,97,-1.8281);
insert into compass_mt.wheel_transition_probabilities values(3,123,123,-5.8171);
insert into compass_mt.wheel_transition_probabilities values(3,99,100,-1.9712);
insert into compass_mt.wheel_transition_probabilities values(3,99,102,-1.7846);
insert into compass_mt.wheel_transition_probabilities values(3,99,103,-3.2368);
insert into compass_mt.wheel_transition_probabilities values(3,99,106,-5.8171);
insert into compass_mt.wheel_transition_probabilities values(3,112,97,-5.8171);
insert into compass_mt.wheel_transition_probabilities values(3,123,122,-5.8171);
insert into compass_mt.wheel_transition_probabilities values(3,136,110,-5.8171);
insert into compass_mt.wheel_transition_probabilities values(3,136,112,-5.8171);
insert into compass_mt.wheel_transition_probabilities values(3,112,99,-0.6860);
insert into compass_mt.wheel_transition_probabilities values(4,100,123,-5.4026);
insert into compass_mt.wheel_transition_probabilities values(4,100,122,-3.2744);
insert into compass_mt.wheel_transition_probabilities values(4,97,97,-5.4026);
insert into compass_mt.wheel_transition_probabilities values(4,106,100,-5.4026);
insert into compass_mt.wheel_transition_probabilities values(4,106,103,-3.6109);
insert into compass_mt.wheel_transition_probabilities values(4,106,102,-2.8224);
insert into compass_mt.wheel_transition_probabilities values(4,112,106,-3.6109);
insert into compass_mt.wheel_transition_probabilities values(4,112,102,-2.3871);
insert into compass_mt.wheel_transition_probabilities values(4,112,103,-2.8224);
insert into compass_mt.wheel_transition_probabilities values(4,112,100,-3.6109);
insert into compass_mt.wheel_transition_probabilities values(4,122,136,-1.9245);
insert into compass_mt.wheel_transition_probabilities values(4,102,136,-1.6094);
insert into compass_mt.wheel_transition_probabilities values(4,136,123,-1.5567);
insert into compass_mt.wheel_transition_probabilities values(4,100,112,-3.6109);
insert into compass_mt.wheel_transition_probabilities values(4,100,110,-5.4026);
insert into compass_mt.wheel_transition_probabilities values(4,99,122,-2.6554);
insert into compass_mt.wheel_transition_probabilities values(4,99,123,-2.8224);
insert into compass_mt.wheel_transition_probabilities values(4,103,102,-3.6109);
insert into compass_mt.wheel_transition_probabilities values(4,103,103,-5.4026);
insert into compass_mt.wheel_transition_probabilities values(4,103,100,-3.6109);
insert into compass_mt.wheel_transition_probabilities values(4,136,99,-2.0848);
insert into compass_mt.wheel_transition_probabilities values(4,103,106,-3.6109);
insert into compass_mt.wheel_transition_probabilities values(4,123,103,-5.4026);
insert into compass_mt.wheel_transition_probabilities values(4,123,100,-5.4026);
insert into compass_mt.wheel_transition_probabilities values(4,112,112,-5.4026);
insert into compass_mt.wheel_transition_probabilities values(4,123,102,-5.4026);
insert into compass_mt.wheel_transition_probabilities values(4,112,110,-5.4026);
insert into compass_mt.wheel_transition_probabilities values(4,123,106,-2.8224);
insert into compass_mt.wheel_transition_probabilities values(4,122,123,-5.4026);
insert into compass_mt.wheel_transition_probabilities values(4,122,122,-5.4026);
insert into compass_mt.wheel_transition_probabilities values(4,110,106,-3.6109);
insert into compass_mt.wheel_transition_probabilities values(4,110,100,-5.4026);
insert into compass_mt.wheel_transition_probabilities values(4,110,102,-5.4026);
insert into compass_mt.wheel_transition_probabilities values(4,110,103,-2.8224);
insert into compass_mt.wheel_transition_probabilities values(4,122,99,-5.4026);
insert into compass_mt.wheel_transition_probabilities values(4,99,110,-3.6109);
insert into compass_mt.wheel_transition_probabilities values(4,99,112,-2.8224);
insert into compass_mt.wheel_transition_probabilities values(4,100,106,-5.4026);
insert into compass_mt.wheel_transition_probabilities values(4,100,103,-2.5123);
insert into compass_mt.wheel_transition_probabilities values(4,100,102,-5.4026);
insert into compass_mt.wheel_transition_probabilities values(4,100,100,-5.4026);
insert into compass_mt.wheel_transition_probabilities values(4,102,99,-2.3871);
insert into compass_mt.wheel_transition_probabilities values(4,106,123,-5.4026);
insert into compass_mt.wheel_transition_probabilities values(4,106,122,-3.6109);
insert into compass_mt.wheel_transition_probabilities values(4,102,97,-5.4026);
insert into compass_mt.wheel_transition_probabilities values(4,136,100,-1.7238);
insert into compass_mt.wheel_transition_probabilities values(4,136,102,-1.8530);
insert into compass_mt.wheel_transition_probabilities values(4,136,103,-2.1758);
insert into compass_mt.wheel_transition_probabilities values(4,136,106,-2.3871);
insert into compass_mt.wheel_transition_probabilities values(4,122,112,-5.4026);
insert into compass_mt.wheel_transition_probabilities values(4,122,110,-2.6554);
insert into compass_mt.wheel_transition_probabilities values(4,112,122,-2.8224);
insert into compass_mt.wheel_transition_probabilities values(4,112,123,-5.4026);
insert into compass_mt.wheel_transition_probabilities values(4,106,99,-3.6109);
insert into compass_mt.wheel_transition_probabilities values(4,122,97,-5.4026);
insert into compass_mt.wheel_transition_probabilities values(4,106,97,-5.4026);
insert into compass_mt.wheel_transition_probabilities values(4,106,110,-3.2744);
insert into compass_mt.wheel_transition_probabilities values(4,106,112,-5.4026);
insert into compass_mt.wheel_transition_probabilities values(4,97,122,-3.6109);
insert into compass_mt.wheel_transition_probabilities values(4,97,123,-3.6109);
insert into compass_mt.wheel_transition_probabilities values(4,122,106,-3.6109);
insert into compass_mt.wheel_transition_probabilities values(4,122,103,-3.6109);
insert into compass_mt.wheel_transition_probabilities values(4,122,102,-5.4026);
insert into compass_mt.wheel_transition_probabilities values(4,122,100,-3.6109);
insert into compass_mt.wheel_transition_probabilities values(4,102,100,-3.2744);
insert into compass_mt.wheel_transition_probabilities values(4,102,103,-2.8224);
insert into compass_mt.wheel_transition_probabilities values(4,102,102,-5.4026);
insert into compass_mt.wheel_transition_probabilities values(4,102,106,-5.4026);
insert into compass_mt.wheel_transition_probabilities values(4,112,136,-1.3702);
insert into compass_mt.wheel_transition_probabilities values(4,103,112,-5.4026);
insert into compass_mt.wheel_transition_probabilities values(4,103,110,-5.4026);
insert into compass_mt.wheel_transition_probabilities values(4,97,136,-2.5123);
insert into compass_mt.wheel_transition_probabilities values(4,103,136,-2.8224);
insert into compass_mt.wheel_transition_probabilities values(4,97,112,-3.6109);
insert into compass_mt.wheel_transition_probabilities values(4,97,110,-5.4026);
insert into compass_mt.wheel_transition_probabilities values(4,99,136,-1.2130);
insert into compass_mt.wheel_transition_probabilities values(4,103,97,-2.8224);
insert into compass_mt.wheel_transition_probabilities values(4,103,99,-1.9245);
insert into compass_mt.wheel_transition_probabilities values(4,110,99,-5.4026);
insert into compass_mt.wheel_transition_probabilities values(4,110,97,-5.4026);
insert into compass_mt.wheel_transition_probabilities values(4,103,122,-5.4026);
insert into compass_mt.wheel_transition_probabilities values(4,103,123,-5.4026);
insert into compass_mt.wheel_transition_probabilities values(4,123,136,-2.3871);
insert into compass_mt.wheel_transition_probabilities values(4,110,136,-3.6109);
insert into compass_mt.wheel_transition_probabilities values(4,106,136,-2.0014);
insert into compass_mt.wheel_transition_probabilities values(4,97,102,-5.4026);
insert into compass_mt.wheel_transition_probabilities values(4,97,103,-3.6109);
insert into compass_mt.wheel_transition_probabilities values(4,97,100,-3.2744);
insert into compass_mt.wheel_transition_probabilities values(4,97,106,-3.6109);
insert into compass_mt.wheel_transition_probabilities values(4,110,110,-5.4026);
insert into compass_mt.wheel_transition_probabilities values(4,110,112,-5.4026);
insert into compass_mt.wheel_transition_probabilities values(4,136,122,-2.8224);
insert into compass_mt.wheel_transition_probabilities values(4,102,123,-5.4026);
insert into compass_mt.wheel_transition_probabilities values(4,102,122,-5.4026);
insert into compass_mt.wheel_transition_probabilities values(4,136,136,-5.4026);
insert into compass_mt.wheel_transition_probabilities values(4,123,97,-3.6109);
insert into compass_mt.wheel_transition_probabilities values(4,123,99,-3.2744);
insert into compass_mt.wheel_transition_probabilities values(4,110,122,-3.6109);
insert into compass_mt.wheel_transition_probabilities values(4,110,123,-5.4026);
insert into compass_mt.wheel_transition_probabilities values(4,136,97,-1.9245);
insert into compass_mt.wheel_transition_probabilities values(4,97,99,-2.8224);
insert into compass_mt.wheel_transition_probabilities values(4,102,110,-5.4026);
insert into compass_mt.wheel_transition_probabilities values(4,102,112,-3.6109);
insert into compass_mt.wheel_transition_probabilities values(4,99,99,-5.4026);
insert into compass_mt.wheel_transition_probabilities values(4,100,99,-3.6109);
insert into compass_mt.wheel_transition_probabilities values(4,123,110,-5.4026);
insert into compass_mt.wheel_transition_probabilities values(4,123,112,-5.4026);
insert into compass_mt.wheel_transition_probabilities values(4,100,97,-3.6109);
insert into compass_mt.wheel_transition_probabilities values(4,106,106,-5.4026);
insert into compass_mt.wheel_transition_probabilities values(4,100,136,-2.2759);
insert into compass_mt.wheel_transition_probabilities values(4,99,97,-3.6109);
insert into compass_mt.wheel_transition_probabilities values(4,123,123,-5.4026);
insert into compass_mt.wheel_transition_probabilities values(4,99,100,-3.6109);
insert into compass_mt.wheel_transition_probabilities values(4,99,102,-3.6109);
insert into compass_mt.wheel_transition_probabilities values(4,99,103,-3.6109);
insert into compass_mt.wheel_transition_probabilities values(4,99,106,-3.6109);
insert into compass_mt.wheel_transition_probabilities values(4,112,97,-3.6109);
insert into compass_mt.wheel_transition_probabilities values(4,123,122,-5.4026);
insert into compass_mt.wheel_transition_probabilities values(4,136,110,-2.1758);
insert into compass_mt.wheel_transition_probabilities values(4,136,112,-2.0848);
insert into compass_mt.wheel_transition_probabilities values(4,112,99,-2.8224);
insert into compass_mt.wheel_transition_probabilities values(5,100,123,-5.0498);
insert into compass_mt.wheel_transition_probabilities values(5,100,122,-5.0498);
insert into compass_mt.wheel_transition_probabilities values(5,97,97,-5.0498);
insert into compass_mt.wheel_transition_probabilities values(5,106,100,-5.0498);
insert into compass_mt.wheel_transition_probabilities values(5,106,103,-5.0498);
insert into compass_mt.wheel_transition_probabilities values(5,106,102,-5.0498);
insert into compass_mt.wheel_transition_probabilities values(5,112,106,-5.0498);
insert into compass_mt.wheel_transition_probabilities values(5,112,102,-5.0498);
insert into compass_mt.wheel_transition_probabilities values(5,112,103,-5.0498);
insert into compass_mt.wheel_transition_probabilities values(5,112,100,-5.0498);
insert into compass_mt.wheel_transition_probabilities values(5,122,136,-5.0498);
insert into compass_mt.wheel_transition_probabilities values(5,102,136,-5.0498);
insert into compass_mt.wheel_transition_probabilities values(5,136,123,-2.9216);
insert into compass_mt.wheel_transition_probabilities values(5,100,112,-5.0498);
insert into compass_mt.wheel_transition_probabilities values(5,100,110,-5.0498);
insert into compass_mt.wheel_transition_probabilities values(5,99,122,-5.0498);
insert into compass_mt.wheel_transition_probabilities values(5,99,123,-2.0343);
insert into compass_mt.wheel_transition_probabilities values(5,103,102,-5.0498);
insert into compass_mt.wheel_transition_probabilities values(5,103,103,-5.0498);
insert into compass_mt.wheel_transition_probabilities values(5,103,100,-5.0498);
insert into compass_mt.wheel_transition_probabilities values(5,136,99,-3.2580);
insert into compass_mt.wheel_transition_probabilities values(5,103,106,-5.0498);
insert into compass_mt.wheel_transition_probabilities values(5,123,103,-2.9216);
insert into compass_mt.wheel_transition_probabilities values(5,123,100,-3.2580);
insert into compass_mt.wheel_transition_probabilities values(5,112,112,-5.0498);
insert into compass_mt.wheel_transition_probabilities values(5,123,102,-3.2580);
insert into compass_mt.wheel_transition_probabilities values(5,112,110,-5.0498);
insert into compass_mt.wheel_transition_probabilities values(5,123,106,-5.0498);
insert into compass_mt.wheel_transition_probabilities values(5,122,123,-5.0498);
insert into compass_mt.wheel_transition_probabilities values(5,122,122,-5.0498);
insert into compass_mt.wheel_transition_probabilities values(5,110,106,-5.0498);
insert into compass_mt.wheel_transition_probabilities values(5,110,100,-5.0498);
insert into compass_mt.wheel_transition_probabilities values(5,110,102,-5.0498);
insert into compass_mt.wheel_transition_probabilities values(5,110,103,-5.0498);
insert into compass_mt.wheel_transition_probabilities values(5,122,99,-2.4696);
insert into compass_mt.wheel_transition_probabilities values(5,99,110,-5.0498);
insert into compass_mt.wheel_transition_probabilities values(5,99,112,-2.9216);
insert into compass_mt.wheel_transition_probabilities values(5,100,106,-5.0498);
insert into compass_mt.wheel_transition_probabilities values(5,100,103,-5.0498);
insert into compass_mt.wheel_transition_probabilities values(5,100,102,-5.0498);
insert into compass_mt.wheel_transition_probabilities values(5,100,100,-5.0498);
insert into compass_mt.wheel_transition_probabilities values(5,102,99,-3.2580);
insert into compass_mt.wheel_transition_probabilities values(5,106,123,-5.0498);
insert into compass_mt.wheel_transition_probabilities values(5,106,122,-5.0498);
insert into compass_mt.wheel_transition_probabilities values(5,102,97,-2.4696);
insert into compass_mt.wheel_transition_probabilities values(5,136,100,-5.0498);
insert into compass_mt.wheel_transition_probabilities values(5,136,102,-3.2580);
insert into compass_mt.wheel_transition_probabilities values(5,136,103,-2.4696);
insert into compass_mt.wheel_transition_probabilities values(5,136,106,-3.2580);
insert into compass_mt.wheel_transition_probabilities values(5,122,112,-5.0498);
insert into compass_mt.wheel_transition_probabilities values(5,122,110,-5.0498);
insert into compass_mt.wheel_transition_probabilities values(5,112,122,-5.0498);
insert into compass_mt.wheel_transition_probabilities values(5,112,123,-3.2580);
insert into compass_mt.wheel_transition_probabilities values(5,106,99,-5.0498);
insert into compass_mt.wheel_transition_probabilities values(5,122,97,-5.0498);
insert into compass_mt.wheel_transition_probabilities values(5,106,97,-5.0498);
insert into compass_mt.wheel_transition_probabilities values(5,106,110,-5.0498);
insert into compass_mt.wheel_transition_probabilities values(5,106,112,-5.0498);
insert into compass_mt.wheel_transition_probabilities values(5,97,122,-5.0498);
insert into compass_mt.wheel_transition_probabilities values(5,97,123,-1.5716);
insert into compass_mt.wheel_transition_probabilities values(5,122,106,-5.0498);
insert into compass_mt.wheel_transition_probabilities values(5,122,103,-5.0498);
insert into compass_mt.wheel_transition_probabilities values(5,122,102,-5.0498);
insert into compass_mt.wheel_transition_probabilities values(5,122,100,-5.0498);
insert into compass_mt.wheel_transition_probabilities values(5,102,100,-2.9216);
insert into compass_mt.wheel_transition_probabilities values(5,102,103,-5.0498);
insert into compass_mt.wheel_transition_probabilities values(5,102,102,-5.0498);
insert into compass_mt.wheel_transition_probabilities values(5,102,106,-5.0498);
insert into compass_mt.wheel_transition_probabilities values(5,112,136,-3.2580);
insert into compass_mt.wheel_transition_probabilities values(5,103,112,-5.0498);
insert into compass_mt.wheel_transition_probabilities values(5,103,110,-5.0498);
insert into compass_mt.wheel_transition_probabilities values(5,97,136,-2.0343);
insert into compass_mt.wheel_transition_probabilities values(5,103,136,-3.2580);
insert into compass_mt.wheel_transition_probabilities values(5,97,112,-1.5716);
insert into compass_mt.wheel_transition_probabilities values(5,97,110,-2.9216);
insert into compass_mt.wheel_transition_probabilities values(5,99,136,-2.9216);
insert into compass_mt.wheel_transition_probabilities values(5,103,97,-5.0498);
insert into compass_mt.wheel_transition_probabilities values(5,103,99,-5.0498);
insert into compass_mt.wheel_transition_probabilities values(5,110,99,-5.0498);
insert into compass_mt.wheel_transition_probabilities values(5,110,97,-3.2580);
insert into compass_mt.wheel_transition_probabilities values(5,103,122,-3.2580);
insert into compass_mt.wheel_transition_probabilities values(5,103,123,-3.2580);
insert into compass_mt.wheel_transition_probabilities values(5,123,136,-5.0498);
insert into compass_mt.wheel_transition_probabilities values(5,110,136,-5.0498);
insert into compass_mt.wheel_transition_probabilities values(5,106,136,-2.9216);
insert into compass_mt.wheel_transition_probabilities values(5,97,102,-2.4696);
insert into compass_mt.wheel_transition_probabilities values(5,97,103,-5.0498);
insert into compass_mt.wheel_transition_probabilities values(5,97,100,-5.0498);
insert into compass_mt.wheel_transition_probabilities values(5,97,106,-5.0498);
insert into compass_mt.wheel_transition_probabilities values(5,110,110,-5.0498);
insert into compass_mt.wheel_transition_probabilities values(5,110,112,-5.0498);
insert into compass_mt.wheel_transition_probabilities values(5,136,122,-3.2580);
insert into compass_mt.wheel_transition_probabilities values(5,102,123,-5.0498);
insert into compass_mt.wheel_transition_probabilities values(5,102,122,-5.0498);
insert into compass_mt.wheel_transition_probabilities values(5,136,136,-5.0498);
insert into compass_mt.wheel_transition_probabilities values(5,123,97,-1.8230);
insert into compass_mt.wheel_transition_probabilities values(5,123,99,-3.2580);
insert into compass_mt.wheel_transition_probabilities values(5,110,122,-5.0498);
insert into compass_mt.wheel_transition_probabilities values(5,110,123,-5.0498);
insert into compass_mt.wheel_transition_probabilities values(5,136,97,-3.2580);
insert into compass_mt.wheel_transition_probabilities values(5,97,99,-1.6486);
insert into compass_mt.wheel_transition_probabilities values(5,102,110,-5.0498);
insert into compass_mt.wheel_transition_probabilities values(5,102,112,-2.4696);
insert into compass_mt.wheel_transition_probabilities values(5,99,99,-5.0498);
insert into compass_mt.wheel_transition_probabilities values(5,100,99,-3.2580);
insert into compass_mt.wheel_transition_probabilities values(5,123,110,-5.0498);
insert into compass_mt.wheel_transition_probabilities values(5,123,112,-3.2580);
insert into compass_mt.wheel_transition_probabilities values(5,100,97,-3.2580);
insert into compass_mt.wheel_transition_probabilities values(5,106,106,-5.0498);
insert into compass_mt.wheel_transition_probabilities values(5,100,136,-5.0498);
insert into compass_mt.wheel_transition_probabilities values(5,99,97,-1.6486);
insert into compass_mt.wheel_transition_probabilities values(5,123,123,-5.0498);
insert into compass_mt.wheel_transition_probabilities values(5,99,100,-2.9216);
insert into compass_mt.wheel_transition_probabilities values(5,99,102,-3.2580);
insert into compass_mt.wheel_transition_probabilities values(5,99,103,-5.0498);
insert into compass_mt.wheel_transition_probabilities values(5,99,106,-5.0498);
insert into compass_mt.wheel_transition_probabilities values(5,112,97,-1.5002);
insert into compass_mt.wheel_transition_probabilities values(5,123,122,-5.0498);
insert into compass_mt.wheel_transition_probabilities values(5,136,110,-3.2580);
insert into compass_mt.wheel_transition_probabilities values(5,136,112,-3.2580);
insert into compass_mt.wheel_transition_probabilities values(5,112,99,-2.4696);
insert into compass_mt.wheel_transition_probabilities values(6,100,123,-1.8447);
insert into compass_mt.wheel_transition_probabilities values(6,100,122,-3.3386);
insert into compass_mt.wheel_transition_probabilities values(6,97,97,-5.9188);
insert into compass_mt.wheel_transition_probabilities values(6,106,100,-4.1271);
insert into compass_mt.wheel_transition_probabilities values(6,106,103,-3.1716);
insert into compass_mt.wheel_transition_probabilities values(6,106,102,-3.1716);
insert into compass_mt.wheel_transition_probabilities values(6,112,106,-2.7921);
insert into compass_mt.wheel_transition_probabilities values(6,112,102,-1.4190);
insert into compass_mt.wheel_transition_probabilities values(6,112,103,-2.3025);
insert into compass_mt.wheel_transition_probabilities values(6,112,100,-3.7906);
insert into compass_mt.wheel_transition_probabilities values(6,122,136,-3.3386);
insert into compass_mt.wheel_transition_probabilities values(6,102,136,-1.5934);
insert into compass_mt.wheel_transition_probabilities values(6,136,123,-1.8447);
insert into compass_mt.wheel_transition_probabilities values(6,100,112,-3.3386);
insert into compass_mt.wheel_transition_probabilities values(6,100,110,-2.1256);
insert into compass_mt.wheel_transition_probabilities values(6,99,122,-3.7906);
insert into compass_mt.wheel_transition_probabilities values(6,99,123,-2.0730);
insert into compass_mt.wheel_transition_probabilities values(6,103,102,-2.9033);
insert into compass_mt.wheel_transition_probabilities values(6,103,103,-5.9188);
insert into compass_mt.wheel_transition_probabilities values(6,103,100,-4.1271);
insert into compass_mt.wheel_transition_probabilities values(6,136,99,-1.7662);
insert into compass_mt.wheel_transition_probabilities values(6,103,106,-2.1256);
insert into compass_mt.wheel_transition_probabilities values(6,123,103,-5.9188);
insert into compass_mt.wheel_transition_probabilities values(6,123,100,-1.6935);
insert into compass_mt.wheel_transition_probabilities values(6,112,112,-5.9188);
insert into compass_mt.wheel_transition_probabilities values(6,123,102,-1.6590);
insert into compass_mt.wheel_transition_probabilities values(6,112,110,-5.9188);
insert into compass_mt.wheel_transition_probabilities values(6,123,106,-3.7906);
insert into compass_mt.wheel_transition_probabilities values(6,122,123,-5.9188);
insert into compass_mt.wheel_transition_probabilities values(6,122,122,-5.9188);
insert into compass_mt.wheel_transition_probabilities values(6,110,106,-4.1271);
insert into compass_mt.wheel_transition_probabilities values(6,110,100,-3.1716);
insert into compass_mt.wheel_transition_probabilities values(6,110,102,-4.1271);
insert into compass_mt.wheel_transition_probabilities values(6,110,103,-5.9188);
insert into compass_mt.wheel_transition_probabilities values(6,122,99,-4.1271);
insert into compass_mt.wheel_transition_probabilities values(6,99,110,-4.1271);
insert into compass_mt.wheel_transition_probabilities values(6,99,112,-2.5176);
insert into compass_mt.wheel_transition_probabilities values(6,100,106,-4.1271);
insert into compass_mt.wheel_transition_probabilities values(6,100,103,-2.7921);
insert into compass_mt.wheel_transition_probabilities values(6,100,102,-1.5621);
insert into compass_mt.wheel_transition_probabilities values(6,100,100,-5.9188);
insert into compass_mt.wheel_transition_probabilities values(6,102,99,-2.1256);
insert into compass_mt.wheel_transition_probabilities values(6,106,123,-5.9188);
insert into compass_mt.wheel_transition_probabilities values(6,106,122,-5.9188);
insert into compass_mt.wheel_transition_probabilities values(6,102,97,-1.7292);
insert into compass_mt.wheel_transition_probabilities values(6,136,100,-1.5318);
insert into compass_mt.wheel_transition_probabilities values(6,136,102,-1.2479);
insert into compass_mt.wheel_transition_probabilities values(6,136,103,-2.9033);
insert into compass_mt.wheel_transition_probabilities values(6,136,106,-3.3386);
insert into compass_mt.wheel_transition_probabilities values(6,122,112,-4.1271);
insert into compass_mt.wheel_transition_probabilities values(6,122,110,-3.0285);
insert into compass_mt.wheel_transition_probabilities values(6,112,122,-3.3386);
insert into compass_mt.wheel_transition_probabilities values(6,112,123,-2.1812);
insert into compass_mt.wheel_transition_probabilities values(6,106,99,-4.1271);
insert into compass_mt.wheel_transition_probabilities values(6,122,97,-3.7906);
insert into compass_mt.wheel_transition_probabilities values(6,106,97,-5.9188);
insert into compass_mt.wheel_transition_probabilities values(6,106,110,-5.9188);
insert into compass_mt.wheel_transition_probabilities values(6,106,112,-3.3386);
insert into compass_mt.wheel_transition_probabilities values(6,97,122,-5.9188);
insert into compass_mt.wheel_transition_probabilities values(6,97,123,-2.5176);
insert into compass_mt.wheel_transition_probabilities values(6,122,106,-4.1271);
insert into compass_mt.wheel_transition_probabilities values(6,122,103,-4.1271);
insert into compass_mt.wheel_transition_probabilities values(6,122,102,-4.1271);
insert into compass_mt.wheel_transition_probabilities values(6,122,100,-2.7921);
insert into compass_mt.wheel_transition_probabilities values(6,102,100,-2.3025);
insert into compass_mt.wheel_transition_probabilities values(6,102,103,-1.4461);
insert into compass_mt.wheel_transition_probabilities values(6,102,102,-5.9188);
insert into compass_mt.wheel_transition_probabilities values(6,102,106,-2.5176);
insert into compass_mt.wheel_transition_probabilities values(6,112,136,-1.2479);
insert into compass_mt.wheel_transition_probabilities values(6,103,112,-2.2400);
insert into compass_mt.wheel_transition_probabilities values(6,103,110,-5.9188);
insert into compass_mt.wheel_transition_probabilities values(6,97,136,-1.8447);
insert into compass_mt.wheel_transition_probabilities values(6,103,136,-1.8864);
insert into compass_mt.wheel_transition_probabilities values(6,97,112,-1.5024);
insert into compass_mt.wheel_transition_probabilities values(6,97,110,-3.3386);
insert into compass_mt.wheel_transition_probabilities values(6,99,136,-2.1812);
insert into compass_mt.wheel_transition_probabilities values(6,103,97,-3.3386);
insert into compass_mt.wheel_transition_probabilities values(6,103,99,-1.8047);
insert into compass_mt.wheel_transition_probabilities values(6,110,99,-5.9188);
insert into compass_mt.wheel_transition_probabilities values(6,110,97,-3.7906);
insert into compass_mt.wheel_transition_probabilities values(6,103,122,-3.3386);
insert into compass_mt.wheel_transition_probabilities values(6,103,123,-3.3386);
insert into compass_mt.wheel_transition_probabilities values(6,123,136,-1.4738);
insert into compass_mt.wheel_transition_probabilities values(6,110,136,-4.1271);
insert into compass_mt.wheel_transition_probabilities values(6,106,136,-2.1812);
insert into compass_mt.wheel_transition_probabilities values(6,97,102,-2.6010);
insert into compass_mt.wheel_transition_probabilities values(6,97,103,-4.1271);
insert into compass_mt.wheel_transition_probabilities values(6,97,100,-1.8447);
insert into compass_mt.wheel_transition_probabilities values(6,97,106,-5.9188);
insert into compass_mt.wheel_transition_probabilities values(6,110,110,-5.9188);
insert into compass_mt.wheel_transition_probabilities values(6,110,112,-3.1716);
insert into compass_mt.wheel_transition_probabilities values(6,136,122,-2.7921);
insert into compass_mt.wheel_transition_probabilities values(6,102,123,-1.8047);
insert into compass_mt.wheel_transition_probabilities values(6,102,122,-5.9188);
insert into compass_mt.wheel_transition_probabilities values(6,136,136,-5.9188);
insert into compass_mt.wheel_transition_probabilities values(6,123,97,-2.9033);
insert into compass_mt.wheel_transition_probabilities values(6,123,99,-2.3692);
insert into compass_mt.wheel_transition_probabilities values(6,110,122,-1.7662);
insert into compass_mt.wheel_transition_probabilities values(6,110,123,-5.9188);
insert into compass_mt.wheel_transition_probabilities values(6,136,97,-1.3927);
insert into compass_mt.wheel_transition_probabilities values(6,97,99,-1.6256);
insert into compass_mt.wheel_transition_probabilities values(6,102,110,-4.1271);
insert into compass_mt.wheel_transition_probabilities values(6,102,112,-1.5024);
insert into compass_mt.wheel_transition_probabilities values(6,99,99,-5.9188);
insert into compass_mt.wheel_transition_probabilities values(6,100,99,-2.2400);
insert into compass_mt.wheel_transition_probabilities values(6,123,110,-5.9188);
insert into compass_mt.wheel_transition_probabilities values(6,123,112,-4.1271);
insert into compass_mt.wheel_transition_probabilities values(6,100,97,-2.7921);
insert into compass_mt.wheel_transition_probabilities values(6,106,106,-5.9188);
insert into compass_mt.wheel_transition_probabilities values(6,100,136,-2.1812);
insert into compass_mt.wheel_transition_probabilities values(6,99,97,-1.9753);
insert into compass_mt.wheel_transition_probabilities values(6,123,123,-5.9188);
insert into compass_mt.wheel_transition_probabilities values(6,99,100,-2.0230);
insert into compass_mt.wheel_transition_probabilities values(6,99,102,-1.9299);
insert into compass_mt.wheel_transition_probabilities values(6,99,103,-1.8447);
insert into compass_mt.wheel_transition_probabilities values(6,99,106,-5.9188);
insert into compass_mt.wheel_transition_probabilities values(6,112,97,-1.4190);
insert into compass_mt.wheel_transition_probabilities values(6,123,122,-3.3386);
insert into compass_mt.wheel_transition_probabilities values(6,136,110,-3.1716);
insert into compass_mt.wheel_transition_probabilities values(6,136,112,-1.7662);
insert into compass_mt.wheel_transition_probabilities values(6,112,99,-1.9299);
